Country,State,Cities,,,
India,Andaman & Nicobar , Alipur ,,,
India,Andaman & Nicobar , Andaman Island ,,,
India,Andaman & Nicobar , Anderson Island ,,,
India,Andaman & Nicobar , Arainj-Laka-Punga ,,,
India,Andaman & Nicobar , Austinabad ,,,
India,Andaman & Nicobar , Bamboo Flat ,,,
India,Andaman & Nicobar , Barren Island ,,,
India,Andaman & Nicobar , Beadonabad ,,,
India,Andaman & Nicobar , Betapur ,,,
India,Andaman & Nicobar , Bindraban ,,,
India,Andaman & Nicobar , Bonington ,,,
India,Andaman & Nicobar , Brookesabad ,,,
India,Andaman & Nicobar , Cadell Point ,,,
India,Andaman & Nicobar , Calicut ,,,
India,Andaman & Nicobar , Chetamale ,,,
India,Andaman & Nicobar , Cinque Islands ,,,
India,Andaman & Nicobar , Defence Island ,,,
India,Andaman & Nicobar , Digilpur ,,,
India,Andaman & Nicobar , Dolyganj ,,,
India,Andaman & Nicobar , Flat Island ,,,
India,Andaman & Nicobar , Geinyale ,,,
India,Andaman & Nicobar , Great Coco Island ,,,
India,Andaman & Nicobar , Haddo ,,,
India,Andaman & Nicobar , Havelock Island ,,,
India,Andaman & Nicobar , Henry Lawrence Island ,,,
India,Andaman & Nicobar , Herbertabad ,,,
India,Andaman & Nicobar , Hobdaypur ,,,
India,Andaman & Nicobar , Ilichar ,,,
India,Andaman & Nicobar , Ingoie ,,,
India,Andaman & Nicobar , Inteview Island ,,,
India,Andaman & Nicobar , Jangli Ghat ,,,
India,Andaman & Nicobar , Jhon Lawrence Island ,,,
India,Andaman & Nicobar , Karen ,,,
India,Andaman & Nicobar , Kartara ,,,
India,Andaman & Nicobar , KYD Islannd ,,,
India,Andaman & Nicobar , Landfall Island ,,,
India,Andaman & Nicobar , Little Andmand ,,,
India,Andaman & Nicobar , Little Coco Island ,,,
India,Andaman & Nicobar , Long Island ,,,
India,Andaman & Nicobar , Maimyo ,,,
India,Andaman & Nicobar , Malappuram ,,,
India,Andaman & Nicobar , Manglutan ,,,
India,Andaman & Nicobar , Manpur ,,,
India,Andaman & Nicobar , Mitha Khari ,,,
India,Andaman & Nicobar , Neill Island ,,,
India,Andaman & Nicobar , Nicobar Island ,,,
India,Andaman & Nicobar , North Brother Island ,,,
India,Andaman & Nicobar , North Passage Island ,,,
India,Andaman & Nicobar , North Sentinel Island ,,,
India,Andaman & Nicobar , Nothen Reef Island ,,,
India,Andaman & Nicobar , Outram Island ,,,
India,Andaman & Nicobar , Pahlagaon ,,,
India,Andaman & Nicobar , Palalankwe ,,,
India,Andaman & Nicobar , Passage Island ,,,
India,Andaman & Nicobar , Phaiapong ,,,
India,Andaman & Nicobar , Phoenix Island ,,,
India,Andaman & Nicobar , Port Blair ,,,
India,Andaman & Nicobar , Preparis Island ,,,
India,Andaman & Nicobar , Protheroepur ,,,
India,Andaman & Nicobar , Rangachang ,,,
India,Andaman & Nicobar , Rongat ,,,
India,Andaman & Nicobar , Rutland Island ,,,
India,Andaman & Nicobar , Sabari ,,,
India,Andaman & Nicobar , Saddle Peak ,,,
India,Andaman & Nicobar , Shadipur ,,,
India,Andaman & Nicobar , Smith Island ,,,
India,Andaman & Nicobar , Sound Island ,,,
India,Andaman & Nicobar , South Sentinel Island ,,,
India,Andaman & Nicobar , Spike Island ,,,
India,Andaman & Nicobar , Tarmugli Island ,,,
India,Andaman & Nicobar , Taylerabad ,,,
India,Andaman & Nicobar , Titaije ,,,
India,Andaman & Nicobar , Toibalawe ,,,
India,Andaman & Nicobar , Tusonabad ,,,
India,Andaman & Nicobar , West Island ,,,
India,Andaman & Nicobar , Wimberleyganj ,,,
India,Andaman & Nicobar , Yadita ,,,
India,Andhra Pradesh , Achampet ,,,
India,Andhra Pradesh , Adilabad ,,,
India,Andhra Pradesh , Adoni ,,,
India,Andhra Pradesh , Alampur ,,,
India,Andhra Pradesh , Allagadda ,,,
India,Andhra Pradesh , Alur ,,,
India,Andhra Pradesh , Amalapuram ,,,
India,Andhra Pradesh , Amangallu ,,,
India,Andhra Pradesh , Anakapalle ,,,
India,Andhra Pradesh , Anantapur ,,,
India,Andhra Pradesh , Andole ,,,
India,Andhra Pradesh , Araku ,,,
India,Andhra Pradesh , Armoor ,,,
India,Andhra Pradesh , Asifabad ,,,
India,Andhra Pradesh , Aswaraopet ,,,
India,Andhra Pradesh , Atmakur ,,,
India,Andhra Pradesh , B,, Kothakota ,
India,Andhra Pradesh , Badvel ,,,
India,Andhra Pradesh , Banaganapalle ,,,
India,Andhra Pradesh , Bandar ,,,
India,Andhra Pradesh , Bangarupalem ,,,
India,Andhra Pradesh , Banswada ,,,
India,Andhra Pradesh , Bapatla ,,,
India,Andhra Pradesh , Bellampalli ,,,
India,Andhra Pradesh , Bhadrachalam ,,,
India,Andhra Pradesh , Bhainsa ,,,
India,Andhra Pradesh , Bheemunipatnam ,,,
India,Andhra Pradesh , Bhimadole ,,,
India,Andhra Pradesh , Bhimavaram ,,,
India,Andhra Pradesh , Bhongir ,,,
India,Andhra Pradesh , Bhooragamphad ,,,
India,Andhra Pradesh , Boath ,,,
India,Andhra Pradesh , Bobbili ,,,
India,Andhra Pradesh , Bodhan ,,,
India,Andhra Pradesh , Chandoor ,,,
India,Andhra Pradesh , Chavitidibbalu ,,,
India,Andhra Pradesh , Chejerla ,,,
India,Andhra Pradesh , Chepurupalli ,,,
India,Andhra Pradesh , Cherial ,,,
India,Andhra Pradesh , Chevella ,,,
India,Andhra Pradesh , Chinnor ,,,
India,Andhra Pradesh , Chintalapudi ,,,
India,Andhra Pradesh , Chintapalle ,,,
India,Andhra Pradesh , Chirala ,,,
India,Andhra Pradesh , Chittoor ,,,
India,Andhra Pradesh , Chodavaram ,,,
India,Andhra Pradesh , Cuddapah ,,,
India,Andhra Pradesh , Cumbum ,,,
India,Andhra Pradesh , Darsi ,,,
India,Andhra Pradesh , Devarakonda ,,,
India,Andhra Pradesh , Dharmavaram ,,,
India,Andhra Pradesh , Dichpalli ,,,
India,Andhra Pradesh , Divi ,,,
India,Andhra Pradesh , Donakonda ,,,
India,Andhra Pradesh , Dronachalam ,,,
India,Andhra Pradesh , East Godavari ,,,
India,Andhra Pradesh , Eluru ,,,
India,Andhra Pradesh , Eturnagaram ,,,
India,Andhra Pradesh , Gadwal ,,,
India,Andhra Pradesh , Gajapathinagaram ,,,
India,Andhra Pradesh , Gajwel ,,,
India,Andhra Pradesh , Garladinne ,,,
India,Andhra Pradesh , Giddalur ,,,
India,Andhra Pradesh , Godavari ,,,
India,Andhra Pradesh , Gooty ,,,
India,Andhra Pradesh , Gudivada ,,,
India,Andhra Pradesh , Gudur ,,,
India,Andhra Pradesh , Guntur ,,,
India,Andhra Pradesh , Hindupur ,,,
India,Andhra Pradesh , Hunsabad ,,,
India,Andhra Pradesh , Huzurabad ,,,
India,Andhra Pradesh , Huzurnagar ,,,
India,Andhra Pradesh , Hyderabad ,,,
India,Andhra Pradesh , Ibrahimpatnam ,,,
India,Andhra Pradesh , Jaggayyapet ,,,
India,Andhra Pradesh , Jagtial ,,,
India,Andhra Pradesh , Jammalamadugu ,,,
India,Andhra Pradesh , Jangaon ,,,
India,Andhra Pradesh , Jangareddygudem ,,,
India,Andhra Pradesh , Jannaram ,,,
India,Andhra Pradesh , Kadiri ,,,
India,Andhra Pradesh , Kaikaluru ,,,
India,Andhra Pradesh , Kakinada ,,,
India,Andhra Pradesh , Kalwakurthy ,,,
India,Andhra Pradesh , Kalyandurg ,,,
India,Andhra Pradesh , Kamalapuram ,,,
India,Andhra Pradesh , Kamareddy ,,,
India,Andhra Pradesh , Kambadur ,,,
India,Andhra Pradesh , Kanaganapalle ,,,
India,Andhra Pradesh , Kandukuru ,,,
India,Andhra Pradesh , Kanigiri ,,,
India,Andhra Pradesh , Karimnagar ,,,
India,Andhra Pradesh , Kavali ,,,
India,Andhra Pradesh , Khammam ,,,
India,Andhra Pradesh , Khanapur (AP) ,,,
India,Andhra Pradesh , Kodangal ,,,
India,Andhra Pradesh , Koduru ,,,
India,Andhra Pradesh , Koilkuntla ,,,
India,Andhra Pradesh , Kollapur ,,,
India,Andhra Pradesh , Kothagudem ,,,
India,Andhra Pradesh , Kovvur ,,,
India,Andhra Pradesh , Krishna ,,,
India,Andhra Pradesh , Krosuru ,,,
India,Andhra Pradesh , Kuppam ,,,
India,Andhra Pradesh , Kurnool ,,,
India,Andhra Pradesh , Lakkireddipalli ,,,
India,Andhra Pradesh , Madakasira ,,,
India,Andhra Pradesh , Madanapalli ,,,
India,Andhra Pradesh , Madhira ,,,
India,Andhra Pradesh , Madnur ,,,
India,Andhra Pradesh , Mahabubabad ,,,
India,Andhra Pradesh , Mahabubnagar ,,,
India,Andhra Pradesh , Mahadevapur ,,,
India,Andhra Pradesh , Makthal ,,,
India,Andhra Pradesh , Mancherial ,,,
India,Andhra Pradesh , Mandapeta ,,,
India,Andhra Pradesh , Mangalagiri ,,,
India,Andhra Pradesh , Manthani ,,,
India,Andhra Pradesh , Markapur ,,,
India,Andhra Pradesh , Marturu ,,,
India,Andhra Pradesh , Medachal ,,,
India,Andhra Pradesh , Medak ,,,
India,Andhra Pradesh , Medarmetla ,,,
India,Andhra Pradesh , Metpalli ,,,
India,Andhra Pradesh , Mriyalguda ,,,
India,Andhra Pradesh , Mulug ,,,
India,Andhra Pradesh , Mylavaram ,,,
India,Andhra Pradesh , Nagarkurnool ,,,
India,Andhra Pradesh , Nalgonda ,,,
India,Andhra Pradesh , Nallacheruvu ,,,
India,Andhra Pradesh , Nampalle ,,,
India,Andhra Pradesh , Nandigama ,,,
India,Andhra Pradesh , Nandikotkur ,,,
India,Andhra Pradesh , Nandyal ,,,
India,Andhra Pradesh , Narasampet ,,,
India,Andhra Pradesh , Narasaraopet ,,,
India,Andhra Pradesh , Narayanakhed ,,,
India,Andhra Pradesh , Narayanpet ,,,
India,Andhra Pradesh , Narsapur ,,,
India,Andhra Pradesh , Narsipatnam ,,,
India,Andhra Pradesh , Nazvidu ,,,
India,Andhra Pradesh , Nelloe ,,,
India,Andhra Pradesh , Nellore ,,,
India,Andhra Pradesh , Nidamanur ,,,
India,Andhra Pradesh , Nirmal ,,,
India,Andhra Pradesh , Nizamabad ,,,
India,Andhra Pradesh , Nuguru ,,,
India,Andhra Pradesh , Ongole ,,,
India,Andhra Pradesh , Outsarangapalle ,,,
India,Andhra Pradesh , Paderu ,,,
India,Andhra Pradesh , Pakala ,,,
India,Andhra Pradesh , Palakonda ,,,
India,Andhra Pradesh , Paland ,,,
India,Andhra Pradesh , Palmaneru ,,,
India,Andhra Pradesh , Pamuru ,,,
India,Andhra Pradesh , Pargi ,,,
India,Andhra Pradesh , Parkal ,,,
India,Andhra Pradesh , Parvathipuram ,,,
India,Andhra Pradesh , Pathapatnam ,,,
India,Andhra Pradesh , Pattikonda ,,,
India,Andhra Pradesh , Peapalle ,,,
India,Andhra Pradesh , Peddapalli ,,,
India,Andhra Pradesh , Peddapuram ,,,
India,Andhra Pradesh , Penukonda ,,,
India,Andhra Pradesh , Piduguralla ,,,
India,Andhra Pradesh , Piler ,,,
India,Andhra Pradesh , Pithapuram ,,,
India,Andhra Pradesh , Podili ,,,
India,Andhra Pradesh , Polavaram ,,,
India,Andhra Pradesh , Prakasam ,,,
India,Andhra Pradesh , Proddatur ,,,
India,Andhra Pradesh , Pulivendla ,,,
India,Andhra Pradesh , Punganur ,,,
India,Andhra Pradesh , Putturu ,,,
India,Andhra Pradesh , Rajahmundri ,,,
India,Andhra Pradesh , Rajampeta ,,,
India,Andhra Pradesh , Ramachandrapuram ,,,
India,Andhra Pradesh , Ramannapet ,,,
India,Andhra Pradesh , Rampachodavaram ,,,
India,Andhra Pradesh , Rangareddy ,,,
India,Andhra Pradesh , Rapur ,,,
India,Andhra Pradesh , Rayachoti ,,,
India,Andhra Pradesh , Rayadurg ,,,
India,Andhra Pradesh , Razole ,,,
India,Andhra Pradesh , Repalle ,,,
India,Andhra Pradesh , Saluru ,,,
India,Andhra Pradesh , Sangareddy ,,,
India,Andhra Pradesh , Sathupalli ,,,
India,Andhra Pradesh , Sattenapalle ,,,
India,Andhra Pradesh , Satyavedu ,,,
India,Andhra Pradesh , Shadnagar ,,,
India,Andhra Pradesh , Siddavattam ,,,
India,Andhra Pradesh , Siddipet ,,,
India,Andhra Pradesh , Sileru ,,,
India,Andhra Pradesh , Sircilla ,,,
India,Andhra Pradesh , Sirpur Kagaznagar ,,,
India,Andhra Pradesh , Sodam ,,,
India,Andhra Pradesh , Sompeta ,,,
India,Andhra Pradesh , Srikakulam ,,,
India,Andhra Pradesh , Srikalahasthi ,,,
India,Andhra Pradesh , Srisailam ,,,
India,Andhra Pradesh , Srungavarapukota ,,,
India,Andhra Pradesh , Sudhimalla ,,,
India,Andhra Pradesh , Sullarpet ,,,
India,Andhra Pradesh , Tadepalligudem ,,,
India,Andhra Pradesh , Tadipatri ,,,
India,Andhra Pradesh , Tanduru ,,,
India,Andhra Pradesh , Tanuku ,,,
India,Andhra Pradesh , Tekkali ,,,
India,Andhra Pradesh , Tenali ,,,
India,Andhra Pradesh , Thungaturthy ,,,
India,Andhra Pradesh , Tirivuru ,,,
India,Andhra Pradesh , Tirupathi ,,,
India,Andhra Pradesh , Tuni ,,,
India,Andhra Pradesh , Udaygiri ,,,
India,Andhra Pradesh , Ulvapadu ,,,
India,Andhra Pradesh , Uravakonda ,,,
India,Andhra Pradesh , Utnor ,,,
India,Andhra Pradesh , V,,R, Puram 
India,Andhra Pradesh , Vaimpalli ,,,
India,Andhra Pradesh , Vayalpad ,,,
India,Andhra Pradesh , Venkatgiri ,,,
India,Andhra Pradesh , Venkatgirikota ,,,
India,Andhra Pradesh , Vijayawada ,,,
India,Andhra Pradesh , Vikrabad ,,,
India,Andhra Pradesh , Vinjamuru ,,,
India,Andhra Pradesh , Vinukonda ,,,
India,Andhra Pradesh , Visakhapatnam ,,,
India,Andhra Pradesh , Vizayanagaram ,,,
India,Andhra Pradesh , Vizianagaram ,,,
India,Andhra Pradesh , Vuyyuru ,,,
India,Andhra Pradesh , Wanaparthy ,,,
India,Andhra Pradesh , Warangal ,,,
India,Andhra Pradesh , Wardhannapet ,,,
India,Andhra Pradesh , Yelamanchili ,,,
India,Andhra Pradesh , Yelavaram ,,,
India,Andhra Pradesh , Yeleswaram ,,,
India,Andhra Pradesh , Yellandu ,,,
India,Andhra Pradesh , Yellanuru ,,,
India,Andhra Pradesh , Yellareddy ,,,
India,Andhra Pradesh , Yerragondapalem ,,,
India,Andhra Pradesh , Zahirabad ,,,
India,Arunachal Pradesh , Along ,,,
India,Arunachal Pradesh , Anini ,,,
India,Arunachal Pradesh , Anjaw ,,,
India,Arunachal Pradesh , Bameng ,,,
India,Arunachal Pradesh , Basar ,,,
India,Arunachal Pradesh , Changlang ,,,
India,Arunachal Pradesh , Chowkhem ,,,
India,Arunachal Pradesh , Daporizo ,,,
India,Arunachal Pradesh , Dibang Valley ,,,
India,Arunachal Pradesh , Dirang ,,,
India,Arunachal Pradesh , Hayuliang ,,,
India,Arunachal Pradesh , Huri ,,,
India,Arunachal Pradesh , Itanagar ,,,
India,Arunachal Pradesh , Jairampur ,,,
India,Arunachal Pradesh , Kalaktung ,,,
India,Arunachal Pradesh , Kameng ,,,
India,Arunachal Pradesh , Khonsa ,,,
India,Arunachal Pradesh , Kolaring ,,,
India,Arunachal Pradesh , Kurung Kumey ,,,
India,Arunachal Pradesh , Lohit ,,,
India,Arunachal Pradesh , Lower Dibang Valley ,,,
India,Arunachal Pradesh , Lower Subansiri ,,,
India,Arunachal Pradesh , Mariyang ,,,
India,Arunachal Pradesh , Mechuka ,,,
India,Arunachal Pradesh , Miao ,,,
India,Arunachal Pradesh , Nefra ,,,
India,Arunachal Pradesh , Pakkekesang ,,,
India,Arunachal Pradesh , Pangin ,,,
India,Arunachal Pradesh , Papum Pare ,,,
India,Arunachal Pradesh , Passighat ,,,
India,Arunachal Pradesh , Roing ,,,
India,Arunachal Pradesh , Sagalee ,,,
India,Arunachal Pradesh , Seppa ,,,
India,Arunachal Pradesh , Siang ,,,
India,Arunachal Pradesh , Tali ,,,
India,Arunachal Pradesh , Taliha ,,,
India,Arunachal Pradesh , Tawang ,,,
India,Arunachal Pradesh , Tezu ,,,
India,Arunachal Pradesh , Tirap ,,,
India,Arunachal Pradesh , Tuting ,,,
India,Arunachal Pradesh , Upper Siang ,,,
India,Arunachal Pradesh , Upper Subansiri ,,,
India,Arunachal Pradesh , Yiang Kiag ,,,
India,Assam , Abhayapuri ,,,
India,Assam , Baithalangshu ,,,
India,Assam , Barama ,,,
India,Assam , Barpeta Road ,,,
India,Assam , Bihupuria ,,,
India,Assam , Bijni ,,,
India,Assam , Bilasipara ,,,
India,Assam , Bokajan ,,,
India,Assam , Bokakhat ,,,
India,Assam , Boko ,,,
India,Assam , Bongaigaon ,,,
India,Assam , Cachar ,,,
India,Assam , Cachar Hills ,,,
India,Assam , Darrang ,,,
India,Assam , Dhakuakhana ,,,
India,Assam , Dhemaji ,,,
India,Assam , Dhubri ,,,
India,Assam , Dibrugarh ,,,
India,Assam , Digboi ,,,
India,Assam , Diphu ,,,
India,Assam , Goalpara ,,,
India,Assam , Gohpur ,,,
India,Assam , Golaghat ,,,
India,Assam , Guwahati ,,,
India,Assam , Hailakandi ,,,
India,Assam , Hajo ,,,
India,Assam , Halflong ,,,
India,Assam , Hojai ,,,
India,Assam , Howraghat ,,,
India,Assam , Jorhat ,,,
India,Assam , Kamrup ,,,
India,Assam , Karbi Anglong ,,,
India,Assam , Karimganj ,,,
India,Assam , Kokarajhar ,,,
India,Assam , Kokrajhar ,,,
India,Assam , Lakhimpur ,,,
India,Assam , Maibong ,,,
India,Assam , Majuli ,,,
India,Assam , Mangaldoi ,,,
India,Assam , Mariani ,,,
India,Assam , Marigaon ,,,
India,Assam , Moranhat ,,,
India,Assam , Morigaon ,,,
India,Assam , Nagaon ,,,
India,Assam , Nalbari ,,,
India,Assam , Rangapara ,,,
India,Assam , Sadiya ,,,
India,Assam , Sibsagar ,,,
India,Assam , Silchar ,,,
India,Assam , Sivasagar ,,,
India,Assam , Sonitpur ,,,
India,Assam , Tarabarihat ,,,
India,Assam , Tezpur ,,,
India,Assam , Tinsukia ,,,
India,Assam , Udalgiri ,,,
India,Assam , Udalguri ,,,
India,Assam , UdarbondhBarpeta ,,,
India,Bihar, Adhaura ,,,
India,Bihar, Amarpur ,,,
India,Bihar, Araria ,,,
India,Bihar, Areraj ,,,
India,Bihar, Arrah ,,,
India,Bihar, Arwal ,,,
India,Bihar, Aurangabad ,,,
India,Bihar, Bagaha ,,,
India,Bihar, Banka ,,,
India,Bihar, Banmankhi ,,,
India,Bihar, Barachakia ,,,
India,Bihar, Barauni ,,,
India,Bihar, Barh ,,,
India,Bihar, Barosi ,,,
India,Bihar, Begusarai ,,,
India,Bihar, Benipatti ,,,
India,Bihar, Benipur ,,,
India,Bihar, Bettiah ,,,
India,Bihar, Bhabhua ,,,
India,Bihar, Bhagalpur ,,,
India,Bihar, Bhojpur ,,,
India,Bihar, Bidupur ,,,
India,Bihar, Biharsharif ,,,
India,Bihar, Bikram ,,,
India,Bihar, Bikramganj ,,,
India,Bihar, Birpur ,,,
India,Bihar, Buxar ,,,
India,Bihar, Chakai ,,,
India,Bihar, Champaran ,,,
India,Bihar, Chapara ,,,
India,Bihar, Dalsinghsarai ,,,
India,Bihar, Danapur ,,,
India,Bihar, Darbhanga ,,,
India,Bihar, Daudnagar ,,,
India,Bihar, Dhaka ,,,
India,Bihar, Dhamdaha ,,,
India,Bihar, Dumraon ,,,
India,Bihar, Ekma ,,,
India,Bihar, Forbesganj ,,,
India,Bihar, Gaya ,,,
India,Bihar, Gogri ,,,
India,Bihar, Gopalganj ,,,
India,Bihar, H,,Kharagpur ,
India,Bihar, Hajipur ,,,
India,Bihar, Hathua ,,,
India,Bihar, Hilsa ,,,
India,Bihar, Imamganj ,,,
India,Bihar, Jahanabad ,,,
India,Bihar, Jainagar ,,,
India,Bihar, Jamshedpur ,,,
India,Bihar, Jamui ,,,
India,Bihar, Jehanabad ,,,
India,Bihar, Jhajha ,,,
India,Bihar, Jhanjharpur ,,,
India,Bihar, Kahalgaon ,,,
India,Bihar, Kaimur (Bhabua) ,,,
India,Bihar, Katihar ,,,
India,Bihar, Katoria ,,,
India,Bihar, Khagaria ,,,
India,Bihar, Kishanganj ,,,
India,Bihar, Korha ,,,
India,Bihar, Lakhisarai ,,,
India,Bihar, Madhepura ,,,
India,Bihar, Madhubani ,,,
India,Bihar, Maharajganj ,,,
India,Bihar, Mahua ,,,
India,Bihar, Mairwa ,,,
India,Bihar, Mallehpur ,,,
India,Bihar, Masrakh ,,,
India,Bihar, Mohania ,,,
India,Bihar, Monghyr ,,,
India,Bihar, Motihari ,,,
India,Bihar, Motipur ,,,
India,Bihar, Munger ,,,
India,Bihar, Muzaffarpur ,,,
India,Bihar, Nabinagar ,,,
India,Bihar, Nalanda ,,,
India,Bihar, Narkatiaganj ,,,
India,Bihar, Naugachia ,,,
India,Bihar, Nawada ,,,
India,Bihar, Pakribarwan ,,,
India,Bihar, Pakridayal ,,,
India,Bihar, Patna ,,,
India,Bihar, Phulparas ,,,
India,Bihar, Piro ,,,
India,Bihar, Pupri ,,,
India,Bihar, Purena ,,,
India,Bihar, Purnia ,,,
India,Bihar, Rafiganj ,,,
India,Bihar, Rajauli ,,,
India,Bihar, Ramnagar ,,,
India,Bihar, Raniganj ,,,
India,Bihar, Raxaul ,,,
India,Bihar, Rohtas ,,,
India,Bihar, Rosera ,,,
India,Bihar, S,,Bakhtiarpur ,
India,Bihar, Saharsa ,,,
India,Bihar, Samastipur ,,,
India,Bihar, Saran ,,,
India,Bihar, Sasaram ,,,
India,Bihar, Seikhpura ,,,
India,Bihar, Sheikhpura ,,,
India,Bihar, Sheohar ,,,
India,Bihar, Sherghati ,,,
India,Bihar, Sidhawalia ,,,
India,Bihar, Singhwara ,,,
India,Bihar, Sitamarhi ,,,
India,Bihar, Siwan ,,,
India,Bihar, Sonepur ,,,
India,Bihar, Supaul ,,,
India,Bihar, Thakurganj ,,,
India,Bihar, Triveniganj ,,,
India,Bihar, Udakishanganj ,,,
India,Bihar, Vaishali ,,,
India,Bihar, Wazirganj ,,,
India,Chandigarh  , Chandigarh ,,,
India,Chandigarh  , Mani Marja,,,
India,Chhattisgarh  , Ambikapur ,,,
India,Chhattisgarh  , Antagarh ,,,
India,Chhattisgarh  , Arang ,,,
India,Chhattisgarh  , Bacheli ,,,
India,Chhattisgarh  , Bagbahera ,,,
India,Chhattisgarh  , Bagicha ,,,
India,Chhattisgarh  , Baikunthpur ,,,
India,Chhattisgarh  , Balod ,,,
India,Chhattisgarh  , Balodabazar ,,,
India,Chhattisgarh  , Balrampur ,,,
India,Chhattisgarh  , Barpalli ,,,
India,Chhattisgarh  , Basana ,,,
India,Chhattisgarh  , Bastanar ,,,
India,Chhattisgarh  , Bastar ,,,
India,Chhattisgarh  , Bderajpur ,,,
India,Chhattisgarh  , Bemetara ,,,
India,Chhattisgarh  , Berla ,,,
India,Chhattisgarh  , Bhairongarh ,,,
India,Chhattisgarh  , Bhanupratappur ,,,
India,Chhattisgarh  , Bharathpur ,,,
India,Chhattisgarh  , Bhatapara ,,,
India,Chhattisgarh  , Bhilai ,,,
India,Chhattisgarh  , Bhilaigarh ,,,
India,Chhattisgarh  , Bhopalpatnam ,,,
India,Chhattisgarh  , Bijapur ,,,
India,Chhattisgarh  , Bilaspur ,,,
India,Chhattisgarh  , Bodla ,,,
India,Chhattisgarh  , Bokaband ,,,
India,Chhattisgarh  , Chandipara ,,,
India,Chhattisgarh  , Chhinagarh ,,,
India,Chhattisgarh  , Chhuriakala ,,,
India,Chhattisgarh  , Chingmut ,,,
India,Chhattisgarh  , Chuikhadan ,,,
India,Chhattisgarh  , Dabhara ,,,
India,Chhattisgarh  , Dallirajhara ,,,
India,Chhattisgarh  , Dantewada ,,,
India,Chhattisgarh  , Deobhog ,,,
India,Chhattisgarh  , Dhamda ,,,
India,Chhattisgarh  , Dhamtari ,,,
India,Chhattisgarh  , Dharamjaigarh ,,,
India,Chhattisgarh  , Dongargarh ,,,
India,Chhattisgarh  , Durg ,,,
India,Chhattisgarh  , Durgakondal ,,,
India,Chhattisgarh  , Fingeshwar ,,,
India,Chhattisgarh  , Gariaband ,,,
India,Chhattisgarh  , Garpa ,,,
India,Chhattisgarh  , Gharghoda ,,,
India,Chhattisgarh  , Gogunda ,,,
India,Chhattisgarh  , Ilamidi ,,,
India,Chhattisgarh  , Jagdalpur ,,,
India,Chhattisgarh  , Janjgir ,,,
India,Chhattisgarh  , Janjgir-Champa ,,,
India,Chhattisgarh  , Jarwa ,,,
India,Chhattisgarh  , Jashpur ,,,
India,Chhattisgarh  , Jashpurnagar ,,,
India,Chhattisgarh  , Kabirdham-Kawardha ,,,
India,Chhattisgarh  , Kanker ,,,
India,Chhattisgarh  , Kasdol ,,,
India,Chhattisgarh  , Kathdol ,,,
India,Chhattisgarh  , Kathghora ,,,
India,Chhattisgarh  , Kawardha ,,,
India,Chhattisgarh  , Keskal ,,,
India,Chhattisgarh  , Khairgarh ,,,
India,Chhattisgarh  , Kondagaon ,,,
India,Chhattisgarh  , Konta ,,,
India,Chhattisgarh  , Korba ,,,
India,Chhattisgarh  , Korea ,,,
India,Chhattisgarh  , Kota ,,,
India,Chhattisgarh  , Koyelibeda ,,,
India,Chhattisgarh  , Kuakunda ,,,
India,Chhattisgarh  , Kunkuri ,,,
India,Chhattisgarh  , Kurud ,,,
India,Chhattisgarh  , Lohadigundah ,,,
India,Chhattisgarh  , Lormi ,,,
India,Chhattisgarh  , Luckwada ,,,
India,Chhattisgarh  , Mahasamund ,,,
India,Chhattisgarh  , Makodi ,,,
India,Chhattisgarh  , Manendragarh ,,,
India,Chhattisgarh  , Manpur ,,,
India,Chhattisgarh  , Marwahi ,,,
India,Chhattisgarh  , Mohla ,,,
India,Chhattisgarh  , Mungeli ,,,
India,Chhattisgarh  , Nagri ,,,
India,Chhattisgarh  , Narainpur ,,,
India,Chhattisgarh  , Narayanpur ,,,
India,Chhattisgarh  , Neora ,,,
India,Chhattisgarh  , Netanar ,,,
India,Chhattisgarh  , Odgi ,,,
India,Chhattisgarh  , Padamkot ,,,
India,Chhattisgarh  , Pakhanjur ,,,
India,Chhattisgarh  , Pali ,,,
India,Chhattisgarh  , Pandaria ,,,
India,Chhattisgarh  , Pandishankar ,,,
India,Chhattisgarh  , Parasgaon ,,,
India,Chhattisgarh  , Pasan ,,,
India,Chhattisgarh  , Patan ,,,
India,Chhattisgarh  , Pathalgaon ,,,
India,Chhattisgarh  , Pendra ,,,
India,Chhattisgarh  , Pratappur ,,,
India,Chhattisgarh  , Premnagar ,,,
India,Chhattisgarh  , Raigarh ,,,
India,Chhattisgarh  , Raipur ,,,
India,Chhattisgarh  , Rajnandgaon ,,,
India,Chhattisgarh  , Rajpur ,,,
India,Chhattisgarh  , Ramchandrapur ,,,
India,Chhattisgarh  , Saraipali ,,,
India,Chhattisgarh  , Saranggarh ,,,
India,Chhattisgarh  , Sarona ,,,
India,Chhattisgarh  , Semaria ,,,
India,Chhattisgarh  , Shakti ,,,
India,Chhattisgarh  , Sitapur ,,,
India,Chhattisgarh  , Sukma ,,,
India,Chhattisgarh  , Surajpur ,,,
India,Chhattisgarh  , Surguja ,,,
India,Chhattisgarh  , Tapkara ,,,
India,Chhattisgarh  , Toynar ,,,
India,Chhattisgarh  , Udaipur ,,,
India,Chhattisgarh  , Uproda ,,,
India,Chhattisgarh  , Wadrainagar ,,,
India,Dadra & Nagar Haveli  , Amal ,,,
India,Dadra & Nagar Haveli  , Amli ,,,
India,Dadra & Nagar Haveli  , Bedpa ,,,
India,Dadra & Nagar Haveli  , Chikhli ,,,
India,Dadra & Nagar Haveli  , Dadra & Nagar Haveli ,,,
India,Dadra & Nagar Haveli  , Dahikhed ,,,
India,Dadra & Nagar Haveli  , Dolara ,,,
India,Dadra & Nagar Haveli  , Galonda ,,,
India,Dadra & Nagar Haveli  , Kanadi ,,,
India,Dadra & Nagar Haveli  , Karchond ,,,
India,Dadra & Nagar Haveli  , Khadoli ,,,
India,Dadra & Nagar Haveli  , Kharadpada ,,,
India,Dadra & Nagar Haveli  , Kherabari ,,,
India,Dadra & Nagar Haveli  , Kherdi ,,,
India,Dadra & Nagar Haveli  , Kothar ,,,
India,Dadra & Nagar Haveli  , Luari ,,,
India,Dadra & Nagar Haveli  , Mashat ,,,
India,Dadra & Nagar Haveli  , Rakholi ,,,
India,Dadra & Nagar Haveli  , Rudana ,,,
India,Dadra & Nagar Haveli  , Saili ,,,
India,Dadra & Nagar Haveli  , Sili ,,,
India,Dadra & Nagar Haveli  , Silvassa ,,,
India,Dadra & Nagar Haveli  , Sindavni ,,,
India,Dadra & Nagar Haveli  , Udva ,,,
India,Dadra & Nagar Haveli  , Umbarkoi ,,,
India,Dadra & Nagar Haveli  , Vansda ,,,
India,Dadra & Nagar Haveli  , Vasona ,,,
India,Dadra & Nagar Haveli  , Velugam ,,,
India,Daman & Diu  , Brancavare ,,,
India,Daman & Diu  , Dagasi ,,,
India,Daman & Diu  , Daman ,,,
India,Daman & Diu  , Diu ,,,
India,Daman & Diu  , Magarvara ,,,
India,Daman & Diu  , Nagwa ,,,
India,Daman & Diu  , Pariali ,,,
India,Daman & Diu  , Passo Covo ,,,
India,Delhi , Central Delhi ,,,
India,Delhi , East Delhi ,,,
India,Delhi , New Delhi ,,,
India,Delhi , North Delhi ,,,
India,Delhi , North East Delhi ,,,
India,Delhi , North West Delhi ,,,
India,Delhi , South Delhi ,,,
India,Delhi , South West Delhi ,,,
India,Delhi , West Delhi ,,,
India,Goa   , Canacona ,,,
India,Goa   , Candolim ,,,
India,Goa   , Chinchinim ,,,
India,Goa   , Cortalim ,,,
India,Goa   , Goa ,,,
India,Goa   , Jua ,,,
India,Goa   , Madgaon ,,,
India,Goa   , Mahem ,,,
India,Goa   , Mapuca ,,,
India,Goa   , Marmagao ,,,
India,Goa   , Panji ,,,
India,Goa   , Ponda ,,,
India,Goa   , Sanvordem ,,,
India,Goa   , Terekhol ,,,
India,Gujarat  , Ahmedabad ,,,
India,Gujarat  , Ahwa ,,,
India,Gujarat  , Amod ,,,
India,Gujarat  , Amreli ,,,
India,Gujarat  , Anand ,,,
India,Gujarat  , Anjar ,,,
India,Gujarat  , Ankaleshwar ,,,
India,Gujarat  , Babra ,,,
India,Gujarat  , Balasinor ,,,
India,Gujarat  , Banaskantha ,,,
India,Gujarat  , Bansada ,,,
India,Gujarat  , Bardoli ,,,
India,Gujarat  , Bareja ,,,
India,Gujarat  , Baroda ,,,
India,Gujarat  , Barwala ,,,
India,Gujarat  , Bayad ,,,
India,Gujarat  , Bhachav ,,,
India,Gujarat  , Bhanvad ,,,
India,Gujarat  , Bharuch ,,,
India,Gujarat  , Bhavnagar ,,,
India,Gujarat  , Bhiloda ,,,
India,Gujarat  , Bhuj ,,,
India,Gujarat  , Billimora ,,,
India,Gujarat  , Borsad ,,,
India,Gujarat  , Botad ,,,
India,Gujarat  , Chanasma ,,,
India,Gujarat  , Chhota Udaipur ,,,
India,Gujarat  , Chotila ,,,
India,Gujarat  , Dabhoi ,,,
India,Gujarat  , Dahod ,,,
India,Gujarat  , Damnagar ,,,
India,Gujarat  , Dang ,,,
India,Gujarat  , Danta ,,,
India,Gujarat  , Dasada ,,,
India,Gujarat  , Dediapada ,,,
India,Gujarat  , Deesa ,,,
India,Gujarat  , Dehgam ,,,
India,Gujarat  , Deodar ,,,
India,Gujarat  , Devgadhbaria ,,,
India,Gujarat  , Dhandhuka ,,,
India,Gujarat  , Dhanera ,,,
India,Gujarat  , Dharampur ,,,
India,Gujarat  , Dhari ,,,
India,Gujarat  , Dholka ,,,
India,Gujarat  , Dhoraji ,,,
India,Gujarat  , Dhrangadhra ,,,
India,Gujarat  , Dhrol ,,,
India,Gujarat  , Dwarka ,,,
India,Gujarat  , Fortsongadh ,,,
India,Gujarat  , Gadhada ,,,
India,Gujarat  , Gandhi Nagar ,,,
India,Gujarat  , Gariadhar ,,,
India,Gujarat  , Godhra ,,,
India,Gujarat  , Gogodar ,,,
India,Gujarat  , Gondal ,,,
India,Gujarat  , Halol ,,,
India,Gujarat  , Halvad ,,,
India,Gujarat  , Harij ,,,
India,Gujarat  , Himatnagar ,,,
India,Gujarat  , Idar ,,,
India,Gujarat  , Jambusar ,,,
India,Gujarat  , Jamjodhpur ,,,
India,Gujarat  , Jamkalyanpur ,,,
India,Gujarat  , Jamnagar ,,,
India,Gujarat  , Jasdan ,,,
India,Gujarat  , Jetpur ,,,
India,Gujarat  , Jhagadia ,,,
India,Gujarat  , Jhalod ,,,
India,Gujarat  , Jodia ,,,
India,Gujarat  , Junagadh ,,,
India,Gujarat  , Junagarh ,,,
India,Gujarat  , Kalawad ,,,
India,Gujarat  , Kalol ,,,
India,Gujarat  , Kapad Wanj ,,,
India,Gujarat  , Keshod ,,,
India,Gujarat  , Khambat ,,,
India,Gujarat  , Khambhalia ,,,
India,Gujarat  , Khavda ,,,
India,Gujarat  , Kheda ,,,
India,Gujarat  , Khedbrahma ,,,
India,Gujarat  , Kheralu ,,,
India,Gujarat  , Kodinar ,,,
India,Gujarat  , Kotdasanghani ,,,
India,Gujarat  , Kunkawav ,,,
India,Gujarat  , Kutch ,,,
India,Gujarat  , Kutchmandvi ,,,
India,Gujarat  , Kutiyana ,,,
India,Gujarat  , Lakhpat ,,,
India,Gujarat  , Lakhtar ,,,
India,Gujarat  , Lalpur ,,,
India,Gujarat  , Limbdi ,,,
India,Gujarat  , Limkheda ,,,
India,Gujarat  , Lunavada ,,,
India,Gujarat  , M,,M,Mangrol 
India,Gujarat  , Mahuva ,,,
India,Gujarat  , Malia-Hatina ,,,
India,Gujarat  , Maliya ,,,
India,Gujarat  , Malpur ,,,
India,Gujarat  , Manavadar ,,,
India,Gujarat  , Mandvi ,,,
India,Gujarat  , Mangrol ,,,
India,Gujarat  , Mehmedabad ,,,
India,Gujarat  , Mehsana ,,,
India,Gujarat  , Miyagam ,,,
India,Gujarat  , Modasa ,,,
India,Gujarat  , Morvi ,,,
India,Gujarat  , Muli ,,,
India,Gujarat  , Mundra ,,,
India,Gujarat  , Nadiad ,,,
India,Gujarat  , Nakhatrana ,,,
India,Gujarat  , Nalia ,,,
India,Gujarat  , Narmada ,,,
India,Gujarat  , Naswadi ,,,
India,Gujarat  , Navasari ,,,
India,Gujarat  , Nizar ,,,
India,Gujarat  , Okha ,,,
India,Gujarat  , Paddhari ,,,
India,Gujarat  , Padra ,,,
India,Gujarat  , Palanpur ,,,
India,Gujarat  , Palitana ,,,
India,Gujarat  , Panchmahals ,,,
India,Gujarat  , Patan ,,,
India,Gujarat  , Pavijetpur ,,,
India,Gujarat  , Porbandar ,,,
India,Gujarat  , Prantij ,,,
India,Gujarat  , Radhanpur ,,,
India,Gujarat  , Rahpar ,,,
India,Gujarat  , Rajaula ,,,
India,Gujarat  , Rajkot ,,,
India,Gujarat  , Rajpipla ,,,
India,Gujarat  , Ranavav ,,,
India,Gujarat  , Sabarkantha ,,,
India,Gujarat  , Sanand ,,,
India,Gujarat  , Sankheda ,,,
India,Gujarat  , Santalpur ,,,
India,Gujarat  , Santrampur ,,,
India,Gujarat  , Savarkundla ,,,
India,Gujarat  , Savli ,,,
India,Gujarat  , Sayan ,,,
India,Gujarat  , Sayla ,,,
India,Gujarat  , Shehra ,,,
India,Gujarat  , Sidhpur ,,,
India,Gujarat  , Sihor ,,,
India,Gujarat  , Sojitra ,,,
India,Gujarat  , Sumrasar ,,,
India,Gujarat  , Surat ,,,
India,Gujarat  , Surendranagar ,,,
India,Gujarat  , Talaja ,,,
India,Gujarat  , Thara ,,,
India,Gujarat  , Tharad ,,,
India,Gujarat  , Thasra ,,,
India,Gujarat  , Una-Diu ,,,
India,Gujarat  , Upleta ,,,
India,Gujarat  , Vadgam ,,,
India,Gujarat  , Vadodara ,,,
India,Gujarat  , Valia ,,,
India,Gujarat  , Vallabhipur ,,,
India,Gujarat  , Valod ,,,
India,Gujarat  , Valsad ,,,
India,Gujarat  , Vanthali ,,,
India,Gujarat  , Vapi ,,,
India,Gujarat  , Vav ,,,
India,Gujarat  , Veraval ,,,
India,Gujarat  , Vijapur ,,,
India,Gujarat  , Viramgam ,,,
India,Gujarat  , Visavadar ,,,
India,Gujarat  , Visnagar ,,,
India,Gujarat  , Vyara ,,,
India,Gujarat  , Waghodia ,,,
India,Gujarat  , Wankaner ,,,
India,Haryana  , Adampur Mandi ,,,
India,Haryana  , Ambala ,,,
India,Haryana  , Assandh ,,,
India,Haryana  , Bahadurgarh ,,,
India,Haryana  , Barara ,,,
India,Haryana  , Barwala ,,,
India,Haryana  , Bawal ,,,
India,Haryana  , Bawanikhera ,,,
India,Haryana  , Bhiwani ,,,
India,Haryana  , Charkhidadri ,,,
India,Haryana  , Cheeka ,,,
India,Haryana  , Chhachrauli ,,,
India,Haryana  , Dabwali ,,,
India,Haryana  , Ellenabad ,,,
India,Haryana  , Faridabad ,,,
India,Haryana  , Fatehabad ,,,
India,Haryana  , Ferojpur Jhirka ,,,
India,Haryana  , Gharaunda ,,,
India,Haryana  , Gohana ,,,
India,Haryana  , Gurgaon ,,,
India,Haryana  , Hansi ,,,
India,Haryana  , Hisar ,,,
India,Haryana  , Jagadhari ,,,
India,Haryana  , Jatusana ,,,
India,Haryana  , Jhajjar ,,,
India,Haryana  , Jind ,,,
India,Haryana  , Julana ,,,
India,Haryana  , Kaithal ,,,
India,Haryana  , Kalanaur ,,,
India,Haryana  , Kalanwali ,,,
India,Haryana  , Kalka ,,,
India,Haryana  , Karnal ,,,
India,Haryana  , Kosli ,,,
India,Haryana  , Kurukshetra ,,,
India,Haryana  , Loharu ,,,
India,Haryana  , Mahendragarh ,,,
India,Haryana  , Meham ,,,
India,Haryana  , Mewat ,,,
India,Haryana  , Mohindergarh ,,,
India,Haryana  , Naraingarh ,,,
India,Haryana  , Narnaul ,,,
India,Haryana  , Narwana ,,,
India,Haryana  , Nilokheri ,,,
India,Haryana  , Nuh ,,,
India,Haryana  , Palwal ,,,
India,Haryana  , Panchkula ,,,
India,Haryana  , Panipat ,,,
India,Haryana  , Pehowa ,,,
India,Haryana  , Ratia ,,,
India,Haryana  , Rewari ,,,
India,Haryana  , Rohtak ,,,
India,Haryana  , Safidon ,,,
India,Haryana  , Sirsa ,,,
India,Haryana  , Siwani ,,,
India,Haryana  , Sonipat ,,,
India,Haryana  , Tohana ,,,
India,Haryana  , Tohsam ,,,
India,Haryana  , Yamunanagar ,,,
India,Himachal Pradesh , Amb ,,,
India,Himachal Pradesh , Arki ,,,
India,Himachal Pradesh , Banjar ,,,
India,Himachal Pradesh , Bharmour ,,,
India,Himachal Pradesh , Bilaspur ,,,
India,Himachal Pradesh , Chamba ,,,
India,Himachal Pradesh , Churah ,,,
India,Himachal Pradesh , Dalhousie ,,,
India,Himachal Pradesh , Dehra Gopipur ,,,
India,Himachal Pradesh , Hamirpur ,,,
India,Himachal Pradesh , Jogindernagar ,,,
India,Himachal Pradesh , Kalpa ,,,
India,Himachal Pradesh , Kangra ,,,
India,Himachal Pradesh , Kinnaur ,,,
India,Himachal Pradesh , Kullu ,,,
India,Himachal Pradesh , Lahaul ,,,
India,Himachal Pradesh , Mandi ,,,
India,Himachal Pradesh , Nahan ,,,
India,Himachal Pradesh , Nalagarh ,,,
India,Himachal Pradesh , Nirmand ,,,
India,Himachal Pradesh , Nurpur ,,,
India,Himachal Pradesh , Palampur ,,,
India,Himachal Pradesh , Pangi ,,,
India,Himachal Pradesh , Paonta ,,,
India,Himachal Pradesh , Pooh ,,,
India,Himachal Pradesh , Rajgarh ,,,
India,Himachal Pradesh , Rampur Bushahar ,,,
India,Himachal Pradesh , Rohru ,,,
India,Himachal Pradesh , Shimla ,,,
India,Himachal Pradesh , Sirmaur ,,,
India,Himachal Pradesh , Solan ,,,
India,Himachal Pradesh , Spiti ,,,
India,Himachal Pradesh , Sundernagar ,,,
India,Himachal Pradesh , Theog ,,,
India,Himachal Pradesh , Udaipur ,,,
India,Himachal Pradesh , Una ,,,
India,Jammu & Kashmir  , Akhnoor ,,,
India,Jammu & Kashmir  , Anantnag ,,,
India,Jammu & Kashmir  , Badgam ,,,
India,Jammu & Kashmir  , Bandipur ,,,
India,Jammu & Kashmir  , Baramulla ,,,
India,Jammu & Kashmir  , Basholi ,,,
India,Jammu & Kashmir  , Bedarwah ,,,
India,Jammu & Kashmir  , Budgam ,,,
India,Jammu & Kashmir  , Doda ,,,
India,Jammu & Kashmir  , Gulmarg ,,,
India,Jammu & Kashmir  , Jammu ,,,
India,Jammu & Kashmir  , Kalakot ,,,
India,Jammu & Kashmir  , Kargil ,,,
India,Jammu & Kashmir  , Karnah ,,,
India,Jammu & Kashmir  , Kathua ,,,
India,Jammu & Kashmir  , Kishtwar ,,,
India,Jammu & Kashmir  , Kulgam ,,,
India,Jammu & Kashmir  , Kupwara ,,,
India,Jammu & Kashmir  , Leh ,,,
India,Jammu & Kashmir  , Mahore ,,,
India,Jammu & Kashmir  , Nagrota ,,,
India,Jammu & Kashmir  , Nobra ,,,
India,Jammu & Kashmir  , Nowshera ,,,
India,Jammu & Kashmir  , Nyoma ,,,
India,Jammu & Kashmir  , Padam ,,,
India,Jammu & Kashmir  , Pahalgam ,,,
India,Jammu & Kashmir  , Patnitop ,,,
India,Jammu & Kashmir  , Poonch ,,,
India,Jammu & Kashmir  , Pulwama ,,,
India,Jammu & Kashmir  , Rajouri ,,,
India,Jammu & Kashmir  , Ramban ,,,
India,Jammu & Kashmir  , Ramnagar ,,,
India,Jammu & Kashmir  , Reasi ,,,
India,Jammu & Kashmir  , Samba ,,,
India,Jammu & Kashmir  , Srinagar ,,,
India,Jammu & Kashmir  , Udhampur ,,,
India,Jammu & Kashmir  , Vaishno Devi ,,,
India,Jharkhand  , Bagodar ,,,
India,Jharkhand  , Baharagora ,,,
India,Jharkhand  , Balumath ,,,
India,Jharkhand  , Barhi ,,,
India,Jharkhand  , Barkagaon ,,,
India,Jharkhand  , Barwadih ,,,
India,Jharkhand  , Basia ,,,
India,Jharkhand  , Bermo ,,,
India,Jharkhand  , Bhandaria ,,,
India,Jharkhand  , Bhawanathpur ,,,
India,Jharkhand  , Bishrampur ,,,
India,Jharkhand  , Bokaro ,,,
India,Jharkhand  , Bolwa ,,,
India,Jharkhand  , Bundu ,,,
India,Jharkhand  , Chaibasa ,,,
India,Jharkhand  , Chainpur ,,,
India,Jharkhand  , Chakardharpur ,,,
India,Jharkhand  , Chandil ,,,
India,Jharkhand  , Chatra ,,,
India,Jharkhand  , Chavparan ,,,
India,Jharkhand  , Daltonganj ,,,
India,Jharkhand  , Deoghar ,,,
India,Jharkhand  , Dhanbad ,,,
India,Jharkhand  , Dumka ,,,
India,Jharkhand  , Dumri ,,,
India,Jharkhand  , Garhwa ,,,
India,Jharkhand  , Garu ,,,
India,Jharkhand  , Ghaghra ,,,
India,Jharkhand  , Ghatsila ,,,
India,Jharkhand  , Giridih ,,,
India,Jharkhand  , Godda ,,,
India,Jharkhand  , Gomia ,,,
India,Jharkhand  , Govindpur ,,,
India,Jharkhand  , Gumla ,,,
India,Jharkhand  , Hazaribagh ,,,
India,Jharkhand  , Hunterganj ,,,
India,Jharkhand  , Ichak ,,,
India,Jharkhand  , Itki ,,,
India,Jharkhand  , Jagarnathpur ,,,
India,Jharkhand  , Jamshedpur ,,,
India,Jharkhand  , Jamtara ,,,
India,Jharkhand  , Japla ,,,
India,Jharkhand  , Jharmundi ,,,
India,Jharkhand  , Jhinkpani ,,,
India,Jharkhand  , Jhumaritalaiya ,,,
India,Jharkhand  , Kathikund ,,,
India,Jharkhand  , Kharsawa ,,,
India,Jharkhand  , Khunti ,,,
India,Jharkhand  , Koderma ,,,
India,Jharkhand  , Kolebira ,,,
India,Jharkhand  , Latehar ,,,
India,Jharkhand  , Lohardaga ,,,
India,Jharkhand  , Madhupur ,,,
India,Jharkhand  , Mahagama ,,,
India,Jharkhand  , Maheshpur Raj ,,,
India,Jharkhand  , Mandar ,,,
India,Jharkhand  , Mandu ,,,
India,Jharkhand  , Manoharpur ,,,
India,Jharkhand  , Muri ,,,
India,Jharkhand  , Nagarutatri ,,,
India,Jharkhand  , Nala ,,,
India,Jharkhand  , Noamundi ,,,
India,Jharkhand  , Pakur ,,,
India,Jharkhand  , Palamu ,,,
India,Jharkhand  , Palkot ,,,
India,Jharkhand  , Patan ,,,
India,Jharkhand  , Rajdhanwar ,,,
India,Jharkhand  , Rajmahal ,,,
India,Jharkhand  , Ramgarh ,,,
India,Jharkhand  , Ranchi ,,,
India,Jharkhand  , Sahibganj ,,,
India,Jharkhand  , Saraikela ,,,
India,Jharkhand  , Simaria ,,,
India,Jharkhand  , Simdega ,,,
India,Jharkhand  , Singhbhum ,,,
India,Jharkhand  , Tisri ,,,
India,Jharkhand  , Torpa ,,,
India,Karnataka , Afzalpur ,,,
India,Karnataka , Ainapur ,,,
India,Karnataka , Aland ,,,
India,Karnataka , Alur ,,,
India,Karnataka , Anekal ,,,
India,Karnataka , Ankola ,,,
India,Karnataka , Arsikere ,,,
India,Karnataka , Athani ,,,
India,Karnataka , Aurad ,,,
India,Karnataka , Bableshwar ,,,
India,Karnataka , Badami ,,,
India,Karnataka , Bagalkot ,,,
India,Karnataka , Bagepalli ,,,
India,Karnataka , Bailhongal ,,,
India,Karnataka , Bangalore ,,,
India,Karnataka , Bangalore Rural ,,,
India,Karnataka , Bangarpet ,,,
India,Karnataka , Bantwal ,,,
India,Karnataka , Basavakalyan ,,,
India,Karnataka , Basavanabagewadi ,,,
India,Karnataka , Basavapatna ,,,
India,Karnataka , Belgaum ,,,
India,Karnataka , Bellary ,,,
India,Karnataka , Belthangady ,,,
India,Karnataka , Belur ,,,
India,Karnataka , Bhadravati ,,,
India,Karnataka , Bhalki ,,,
India,Karnataka , Bhatkal ,,,
India,Karnataka , Bidar ,,,
India,Karnataka , Bijapur ,,,
India,Karnataka , Biligi ,,,
India,Karnataka , Chadchan ,,,
India,Karnataka , Challakere ,,,
India,Karnataka , Chamrajnagar ,,,
India,Karnataka , Channagiri ,,,
India,Karnataka , Channapatna ,,,
India,Karnataka , Channarayapatna ,,,
India,Karnataka , Chickmagalur ,,,
India,Karnataka , Chikballapur ,,,
India,Karnataka , Chikkaballapur ,,,
India,Karnataka , Chikkanayakanahalli ,,,
India,Karnataka , Chikkodi ,,,
India,Karnataka , Chikmagalur ,,,
India,Karnataka , Chincholi ,,,
India,Karnataka , Chintamani ,,,
India,Karnataka , Chitradurga ,,,
India,Karnataka , Chittapur ,,,
India,Karnataka , Cowdahalli ,,,
India,Karnataka , Davanagere ,,,
India,Karnataka , Deodurga ,,,
India,Karnataka , Devangere ,,,
India,Karnataka , Devarahippargi ,,,
India,Karnataka , Dharwad ,,,
India,Karnataka , Doddaballapur ,,,
India,Karnataka , Gadag ,,,
India,Karnataka , Gangavathi ,,,
India,Karnataka , Gokak ,,,
India,Karnataka , Gowribdanpur ,,,
India,Karnataka , Gubbi ,,,
India,Karnataka , Gulbarga ,,,
India,Karnataka , Gundlupet ,,,
India,Karnataka , H,,B,Halli 
India,Karnataka , H,,D, Kote 
India,Karnataka , Haliyal ,,,
India,Karnataka , Hampi ,,,
India,Karnataka , Hangal ,,,
India,Karnataka , Harapanahalli ,,,
India,Karnataka , Hassan ,,,
India,Karnataka , Haveri ,,,
India,Karnataka , Hebri ,,,
India,Karnataka , Hirekerur ,,,
India,Karnataka , Hiriyur ,,,
India,Karnataka , Holalkere ,,,
India,Karnataka , Holenarsipur ,,,
India,Karnataka , Honnali ,,,
India,Karnataka , Honnavar ,,,
India,Karnataka , Hosadurga ,,,
India,Karnataka , Hosakote ,,,
India,Karnataka , Hosanagara ,,,
India,Karnataka , Hospet ,,,
India,Karnataka , Hubli ,,,
India,Karnataka , Hukkeri ,,,
India,Karnataka , Humnabad ,,,
India,Karnataka , Hungund ,,,
India,Karnataka , Hunsagi ,,,
India,Karnataka , Hunsur ,,,
India,Karnataka , Huvinahadagali ,,,
India,Karnataka , Indi ,,,
India,Karnataka , Jagalur ,,,
India,Karnataka , Jamkhandi ,,,
India,Karnataka , Jewargi ,,,
India,Karnataka , Joida ,,,
India,Karnataka , K,,R, Nagar 
India,Karnataka , Kadur ,,,
India,Karnataka , Kalghatagi ,,,
India,Karnataka , Kamalapur ,,,
India,Karnataka , Kanakapura ,,,
India,Karnataka , Kannada ,,,
India,Karnataka , Kargal ,,,
India,Karnataka , Karkala ,,,
India,Karnataka , Karwar ,,,
India,Karnataka , Khanapur ,,,
India,Karnataka , Kodagu ,,,
India,Karnataka , Kolar ,,,
India,Karnataka , Kollegal ,,,
India,Karnataka , Koppa ,,,
India,Karnataka , Koppal ,,,
India,Karnataka , Koratageri ,,,
India,Karnataka , Krishnarajapet ,,,
India,Karnataka , Kudligi ,,,
India,Karnataka , Kumta ,,,
India,Karnataka , Kundapur ,,,
India,Karnataka , Kundgol ,,,
India,Karnataka , Kunigal ,,,
India,Karnataka , Kurugodu ,,,
India,Karnataka , Kustagi ,,,
India,Karnataka , Lingsugur ,,,
India,Karnataka , Madikeri ,,,
India,Karnataka , Madugiri ,,,
India,Karnataka , Malavalli ,,,
India,Karnataka , Malur ,,,
India,Karnataka , Mandya ,,,
India,Karnataka , Mangalore ,,,
India,Karnataka , Manipal ,,,
India,Karnataka , Manvi ,,,
India,Karnataka , Mashal ,,,
India,Karnataka , Molkalmuru ,,,
India,Karnataka , Mudalgi ,,,
India,Karnataka , Muddebihal ,,,
India,Karnataka , Mudhol ,,,
India,Karnataka , Mudigere ,,,
India,Karnataka , Mulbagal ,,,
India,Karnataka , Mundagod ,,,
India,Karnataka , Mundargi ,,,
India,Karnataka , Murugod ,,,
India,Karnataka , Mysore ,,,
India,Karnataka , Nagamangala ,,,
India,Karnataka , Nanjangud ,,,
India,Karnataka , Nargund ,,,
India,Karnataka , Narsimrajapur ,,,
India,Karnataka , Navalgund ,,,
India,Karnataka , Nelamangala ,,,
India,Karnataka , Nimburga ,,,
India,Karnataka , Pandavapura ,,,
India,Karnataka , Pavagada ,,,
India,Karnataka , Puttur ,,,
India,Karnataka , Raibag ,,,
India,Karnataka , Raichur ,,,
India,Karnataka , Ramdurg ,,,
India,Karnataka , Ranebennur ,,,
India,Karnataka , Ron ,,,
India,Karnataka , Sagar ,,,
India,Karnataka , Sakleshpur ,,,
India,Karnataka , Salkani ,,,
India,Karnataka , Sandur ,,,
India,Karnataka , Saundatti ,,,
India,Karnataka , Savanur ,,,
India,Karnataka , Sedam ,,,
India,Karnataka , Shahapur ,,,
India,Karnataka , Shankarnarayana ,,,
India,Karnataka , Shikaripura ,,,
India,Karnataka , Shimoga ,,,
India,Karnataka , Shirahatti ,,,
India,Karnataka , Shorapur ,,,
India,Karnataka , Siddapur ,,,
India,Karnataka , Sidlaghatta ,,,
India,Karnataka , Sindagi ,,,
India,Karnataka , Sindhanur ,,,
India,Karnataka , Sira ,,,
India,Karnataka , Sirsi ,,,
India,Karnataka , Siruguppa ,,,
India,Karnataka , Somwarpet ,,,
India,Karnataka , Sorab ,,,
India,Karnataka , Sringeri ,,,
India,Karnataka , Sriniwaspur ,,,
India,Karnataka , Srirangapatna ,,,
India,Karnataka , Sullia ,,,
India,Karnataka , T,, Narsipur ,
India,Karnataka , Tallak ,,,
India,Karnataka , Tarikere ,,,
India,Karnataka , Telgi ,,,
India,Karnataka , Thirthahalli ,,,
India,Karnataka , Tiptur ,,,
India,Karnataka , Tumkur ,,,
India,Karnataka , Turuvekere ,,,
India,Karnataka , Udupi ,,,
India,Karnataka , Virajpet ,,,
India,Karnataka , Wadi ,,,
India,Karnataka , Yadgiri ,,,
India,Karnataka , Yelburga ,,,
India,Karnataka , Yellapur ,,,
India,Kerala , Adimaly ,,,
India,Kerala , Adoor ,,,
India,Kerala , Agathy ,,,
India,Kerala , Alappuzha ,,,
India,Kerala , Alathur ,,,
India,Kerala , Alleppey ,,,
India,Kerala , Alwaye ,,,
India,Kerala , Amini ,,,
India,Kerala , Androth ,,,
India,Kerala , Attingal ,,,
India,Kerala , Badagara ,,,
India,Kerala , Bitra ,,,
India,Kerala , Calicut ,,,
India,Kerala , Cannanore ,,,
India,Kerala , Chetlet ,,,
India,Kerala , Ernakulam ,,,
India,Kerala , Idukki ,,,
India,Kerala , Irinjalakuda ,,,
India,Kerala , Kadamath ,,,
India,Kerala , Kalpeni ,,,
India,Kerala , Kalpetta ,,,
India,Kerala , Kanhangad ,,,
India,Kerala , Kanjirapally ,,,
India,Kerala , Kannur ,,,
India,Kerala , Karungapally ,,,
India,Kerala , Kasargode ,,,
India,Kerala , Kavarathy ,,,
India,Kerala , Kiltan ,,,
India,Kerala , Kochi ,,,
India,Kerala , Koduvayur ,,,
India,Kerala , Kollam ,,,
India,Kerala , Kottayam ,,,
India,Kerala , Kovalam ,,,
India,Kerala , Kozhikode ,,,
India,Kerala , Kunnamkulam ,,,
India,Kerala , Malappuram ,,,
India,Kerala , Mananthodi ,,,
India,Kerala , Manjeri ,,,
India,Kerala , Mannarghat ,,,
India,Kerala , Mavelikkara ,,,
India,Kerala , Minicoy ,,,
India,Kerala , Munnar ,,,
India,Kerala , Muvattupuzha ,,,
India,Kerala , Nedumandad ,,,
India,Kerala , Nedumgandam ,,,
India,Kerala , Nilambur ,,,
India,Kerala , Palai ,,,
India,Kerala , Palakkad ,,,
India,Kerala , Palghat ,,,
India,Kerala , Pathaanamthitta ,,,
India,Kerala , Pathanamthitta ,,,
India,Kerala , Payyanur ,,,
India,Kerala , Peermedu ,,,
India,Kerala , Perinthalmanna ,,,
India,Kerala , Perumbavoor ,,,
India,Kerala , Punalur ,,,
India,Kerala , Quilon ,,,
India,Kerala , Ranni ,,,
India,Kerala , Shertallai ,,,
India,Kerala , Shoranur ,,,
India,Kerala , Taliparamba ,,,
India,Kerala , Tellicherry ,,,
India,Kerala , Thiruvananthapuram ,,,
India,Kerala , Thodupuzha ,,,
India,Kerala , Thrissur ,,,
India,Kerala , Tirur ,,,
India,Kerala , Tiruvalla ,,,
India,Kerala , Trichur ,,,
India,Kerala , Trivandrum ,,,
India,Kerala , Uppala ,,,
India,Kerala , Vadakkanchery ,,,
India,Kerala , Vikom ,,,
India,Kerala , Wayanad ,,,
India,Lakshadweep , Agatti Island ,,,
India,Lakshadweep , Bingaram Island ,,,
India,Lakshadweep , Bitra Island ,,,
India,Lakshadweep , Chetlat Island ,,,
India,Lakshadweep , Kadmat Island ,,,
India,Lakshadweep , Kalpeni Island ,,,
India,Lakshadweep , Kavaratti Island ,,,
India,Lakshadweep , Kiltan Island ,,,
India,Lakshadweep , Lakshadweep Sea ,,,
India,Lakshadweep , Minicoy Island ,,,
India,Lakshadweep , North Island ,,,
India,Lakshadweep , South Island ,,,
India,Madhya Pradesh , Agar ,,,
India,Madhya Pradesh , Ajaigarh ,,,
India,Madhya Pradesh , Alirajpur ,,,
India,Madhya Pradesh , Amarpatan ,,,
India,Madhya Pradesh , Amarwada ,,,
India,Madhya Pradesh , Ambah ,,,
India,Madhya Pradesh , Anuppur ,,,
India,Madhya Pradesh , Arone ,,,
India,Madhya Pradesh , Ashoknagar ,,,
India,Madhya Pradesh , Ashta ,,,
India,Madhya Pradesh , Atner ,,,
India,Madhya Pradesh , Babaichichli ,,,
India,Madhya Pradesh , Badamalhera ,,,
India,Madhya Pradesh , Badarwsas ,,,
India,Madhya Pradesh , Badnagar ,,,
India,Madhya Pradesh , Badnawar ,,,
India,Madhya Pradesh , Badwani ,,,
India,Madhya Pradesh , Bagli ,,,
India,Madhya Pradesh , Baihar ,,,
India,Madhya Pradesh , Balaghat ,,,
India,Madhya Pradesh , Baldeogarh ,,,
India,Madhya Pradesh , Baldi ,,,
India,Madhya Pradesh , Bamori ,,,
India,Madhya Pradesh , Banda ,,,
India,Madhya Pradesh , Bandhavgarh ,,,
India,Madhya Pradesh , Bareli ,,,
India,Madhya Pradesh , Baroda ,,,
India,Madhya Pradesh , Barwaha ,,,
India,Madhya Pradesh , Barwani ,,,
India,Madhya Pradesh , Batkakhapa ,,,
India,Madhya Pradesh , Begamganj ,,,
India,Madhya Pradesh , Beohari ,,,
India,Madhya Pradesh , Berasia ,,,
India,Madhya Pradesh , Berchha ,,,
India,Madhya Pradesh , Betul ,,,
India,Madhya Pradesh , Bhainsdehi ,,,
India,Madhya Pradesh , Bhander ,,,
India,Madhya Pradesh , Bhanpura ,,,
India,Madhya Pradesh , Bhikangaon ,,,
India,Madhya Pradesh , Bhimpur ,,,
India,Madhya Pradesh , Bhind ,,,
India,Madhya Pradesh , Bhitarwar ,,,
India,Madhya Pradesh , Bhopal ,,,
India,Madhya Pradesh , Biaora ,,,
India,Madhya Pradesh , Bijadandi ,,,
India,Madhya Pradesh , Bijawar ,,,
India,Madhya Pradesh , Bijaypur ,,,
India,Madhya Pradesh , Bina ,,,
India,Madhya Pradesh , Birsa ,,,
India,Madhya Pradesh , Birsinghpur ,,,
India,Madhya Pradesh , Budhni ,,,
India,Madhya Pradesh , Burhanpur ,,,
India,Madhya Pradesh , Buxwaha ,,,
India,Madhya Pradesh , Chachaura ,,,
India,Madhya Pradesh , Chanderi ,,,
India,Madhya Pradesh , Chaurai ,,,
India,Madhya Pradesh , Chhapara ,,,
India,Madhya Pradesh , Chhatarpur ,,,
India,Madhya Pradesh , Chhindwara ,,,
India,Madhya Pradesh , Chicholi ,,,
India,Madhya Pradesh , Chitrangi ,,,
India,Madhya Pradesh , Churhat ,,,
India,Madhya Pradesh , Dabra ,,,
India,Madhya Pradesh , Damoh ,,,
India,Madhya Pradesh , Datia ,,,
India,Madhya Pradesh , Deori ,,,
India,Madhya Pradesh , Deosar ,,,
India,Madhya Pradesh , Depalpur ,,,
India,Madhya Pradesh , Dewas ,,,
India,Madhya Pradesh , Dhar ,,,
India,Madhya Pradesh , Dharampuri ,,,
India,Madhya Pradesh , Dindori ,,,
India,Madhya Pradesh , Gadarwara ,,,
India,Madhya Pradesh , Gairatganj ,,,
India,Madhya Pradesh , Ganjbasoda ,,,
India,Madhya Pradesh , Garoth ,,,
India,Madhya Pradesh , Ghansour ,,,
India,Madhya Pradesh , Ghatia ,,,
India,Madhya Pradesh , Ghatigaon ,,,
India,Madhya Pradesh , Ghorandogri ,,,
India,Madhya Pradesh , Ghughari ,,,
India,Madhya Pradesh , Gogaon ,,,
India,Madhya Pradesh , Gohad ,,,
India,Madhya Pradesh , Goharganj ,,,
India,Madhya Pradesh , Gopalganj ,,,
India,Madhya Pradesh , Gotegaon ,,,
India,Madhya Pradesh , Gourihar ,,,
India,Madhya Pradesh , Guna ,,,
India,Madhya Pradesh , Gunnore ,,,
India,Madhya Pradesh , Gwalior ,,,
India,Madhya Pradesh , Gyraspur ,,,
India,Madhya Pradesh , Hanumana ,,,
India,Madhya Pradesh , Harda ,,,
India,Madhya Pradesh , Harrai ,,,
India,Madhya Pradesh , Harsud ,,,
India,Madhya Pradesh , Hatta ,,,
India,Madhya Pradesh , Hoshangabad ,,,
India,Madhya Pradesh , Ichhawar ,,,
India,Madhya Pradesh , Indore ,,,
India,Madhya Pradesh , Isagarh ,,,
India,Madhya Pradesh , Itarsi ,,,
India,Madhya Pradesh , Jabalpur ,,,
India,Madhya Pradesh , Jabera ,,,
India,Madhya Pradesh , Jagdalpur ,,,
India,Madhya Pradesh , Jaisinghnagar ,,,
India,Madhya Pradesh , Jaithari ,,,
India,Madhya Pradesh , Jaitpur ,,,
India,Madhya Pradesh , Jaitwara ,,,
India,Madhya Pradesh , Jamai ,,,
India,Madhya Pradesh , Jaora ,,,
India,Madhya Pradesh , Jatara ,,,
India,Madhya Pradesh , Jawad ,,,
India,Madhya Pradesh , Jhabua ,,,
India,Madhya Pradesh , Jobat ,,,
India,Madhya Pradesh , Jora ,,,
India,Madhya Pradesh , Kakaiya ,,,
India,Madhya Pradesh , Kannod ,,,
India,Madhya Pradesh , Kannodi ,,,
India,Madhya Pradesh , Karanjia ,,,
India,Madhya Pradesh , Kareli ,,,
India,Madhya Pradesh , Karera ,,,
India,Madhya Pradesh , Karhal ,,,
India,Madhya Pradesh , Karpa ,,,
India,Madhya Pradesh , Kasrawad ,,,
India,Madhya Pradesh , Katangi ,,,
India,Madhya Pradesh , Katni ,,,
India,Madhya Pradesh , Keolari ,,,
India,Madhya Pradesh , Khachrod ,,,
India,Madhya Pradesh , Khajuraho ,,,
India,Madhya Pradesh , Khakner ,,,
India,Madhya Pradesh , Khalwa ,,,
India,Madhya Pradesh , Khandwa ,,,
India,Madhya Pradesh , Khaniadhana ,,,
India,Madhya Pradesh , Khargone ,,,
India,Madhya Pradesh , Khategaon ,,,
India,Madhya Pradesh , Khetia ,,,
India,Madhya Pradesh , Khilchipur ,,,
India,Madhya Pradesh , Khirkiya ,,,
India,Madhya Pradesh , Khurai ,,,
India,Madhya Pradesh , Kolaras ,,,
India,Madhya Pradesh , Kotma ,,,
India,Madhya Pradesh , Kukshi ,,,
India,Madhya Pradesh , Kundam ,,,
India,Madhya Pradesh , Kurwai ,,,
India,Madhya Pradesh , Kusmi ,,,
India,Madhya Pradesh , Laher ,,,
India,Madhya Pradesh , Lakhnadon ,,,
India,Madhya Pradesh , Lamta ,,,
India,Madhya Pradesh , Lanji ,,,
India,Madhya Pradesh , Lateri ,,,
India,Madhya Pradesh , Laundi ,,,
India,Madhya Pradesh , Maheshwar ,,,
India,Madhya Pradesh , Mahidpurcity ,,,
India,Madhya Pradesh , Maihar ,,,
India,Madhya Pradesh , Majhagwan ,,,
India,Madhya Pradesh , Majholi ,,,
India,Madhya Pradesh , Malhargarh ,,,
India,Madhya Pradesh , Manasa ,,,
India,Madhya Pradesh , Manawar ,,,
India,Madhya Pradesh , Mandla ,,,
India,Madhya Pradesh , Mandsaur ,,,
India,Madhya Pradesh , Manpur ,,,
India,Madhya Pradesh , Mauganj ,,,
India,Madhya Pradesh , Mawai ,,,
India,Madhya Pradesh , Mehgaon ,,,
India,Madhya Pradesh , Mhow ,,,
India,Madhya Pradesh , Morena ,,,
India,Madhya Pradesh , Multai ,,,
India,Madhya Pradesh , Mungaoli ,,,
India,Madhya Pradesh , Nagod ,,,
India,Madhya Pradesh , Nainpur ,,,
India,Madhya Pradesh , Narsingarh ,,,
India,Madhya Pradesh , Narsinghpur ,,,
India,Madhya Pradesh , Narwar ,,,
India,Madhya Pradesh , Nasrullaganj ,,,
India,Madhya Pradesh , Nateran ,,,
India,Madhya Pradesh , Neemuch ,,,
India,Madhya Pradesh , Niwari ,,,
India,Madhya Pradesh , Niwas ,,,
India,Madhya Pradesh , Nowgaon ,,,
India,Madhya Pradesh , Pachmarhi ,,,
India,Madhya Pradesh , Pandhana ,,,
India,Madhya Pradesh , Pandhurna ,,,
India,Madhya Pradesh , Panna ,,,
India,Madhya Pradesh , Parasia ,,,
India,Madhya Pradesh , Patan ,,,
India,Madhya Pradesh , Patera ,,,
India,Madhya Pradesh , Patharia ,,,
India,Madhya Pradesh , Pawai ,,,
India,Madhya Pradesh , Petlawad ,,,
India,Madhya Pradesh , Pichhore ,,,
India,Madhya Pradesh , Piparia ,,,
India,Madhya Pradesh , Pohari ,,,
India,Madhya Pradesh , Prabhapattan ,,,
India,Madhya Pradesh , Punasa ,,,
India,Madhya Pradesh , Pushprajgarh ,,,
India,Madhya Pradesh , Raghogarh ,,,
India,Madhya Pradesh , Raghunathpur ,,,
India,Madhya Pradesh , Rahatgarh ,,,
India,Madhya Pradesh , Raisen ,,,
India,Madhya Pradesh , Rajgarh ,,,
India,Madhya Pradesh , Rajpur ,,,
India,Madhya Pradesh , Ratlam ,,,
India,Madhya Pradesh , Rehli ,,,
India,Madhya Pradesh , Rewa ,,,
India,Madhya Pradesh , Sabalgarh ,,,
India,Madhya Pradesh , Sagar ,,,
India,Madhya Pradesh , Sailana ,,,
India,Madhya Pradesh , Sanwer ,,,
India,Madhya Pradesh , Sarangpur ,,,
India,Madhya Pradesh , Sardarpur ,,,
India,Madhya Pradesh , Satna ,,,
India,Madhya Pradesh , Saunsar ,,,
India,Madhya Pradesh , Sehore ,,,
India,Madhya Pradesh , Sendhwa ,,,
India,Madhya Pradesh , Seondha ,,,
India,Madhya Pradesh , Seoni ,,,
India,Madhya Pradesh , Seonimalwa ,,,
India,Madhya Pradesh , Shahdol ,,,
India,Madhya Pradesh , Shahnagar ,,,
India,Madhya Pradesh , Shahpur ,,,
India,Madhya Pradesh , Shajapur ,,,
India,Madhya Pradesh , Sheopur ,,,
India,Madhya Pradesh , Sheopurkalan ,,,
India,Madhya Pradesh , Shivpuri ,,,
India,Madhya Pradesh , Shujalpur ,,,
India,Madhya Pradesh , Sidhi ,,,
India,Madhya Pradesh , Sihora ,,,
India,Madhya Pradesh , Silwani ,,,
India,Madhya Pradesh , Singrauli ,,,
India,Madhya Pradesh , Sirmour ,,,
India,Madhya Pradesh , Sironj ,,,
India,Madhya Pradesh , Sitamau ,,,
India,Madhya Pradesh , Sohagpur ,,,
India,Madhya Pradesh , Sondhwa ,,,
India,Madhya Pradesh , Sonkatch ,,,
India,Madhya Pradesh , Susner ,,,
India,Madhya Pradesh , Tamia ,,,
India,Madhya Pradesh , Tarana ,,,
India,Madhya Pradesh , Tendukheda ,,,
India,Madhya Pradesh , Teonthar ,,,
India,Madhya Pradesh , Thandla ,,,
India,Madhya Pradesh , Tikamgarh ,,,
India,Madhya Pradesh , Timarani ,,,
India,Madhya Pradesh , Udaipura ,,,
India,Madhya Pradesh , Ujjain ,,,
India,Madhya Pradesh , Umaria ,,,
India,Madhya Pradesh , Umariapan ,,,
India,Madhya Pradesh , Vidisha ,,,
India,Madhya Pradesh , Vijayraghogarh ,,,
India,Madhya Pradesh , Waraseoni ,,,
India,Madhya Pradesh , Zhirnia ,,,
India,Maharashtra  , Achalpur ,,,
India,Maharashtra  , Aheri ,,,
India,Maharashtra  , Ahmednagar ,,,
India,Maharashtra  , Ahmedpur ,,,
India,Maharashtra  , Ajara ,,,
India,Maharashtra  , Akkalkot ,,,
India,Maharashtra  , Akola ,,,
India,Maharashtra  , Akole ,,,
India,Maharashtra  , Akot ,,,
India,Maharashtra  , Alibagh ,,,
India,Maharashtra  , Amagaon ,,,
India,Maharashtra  , Amalner ,,,
India,Maharashtra  , Ambad ,,,
India,Maharashtra  , Ambejogai ,,,
India,Maharashtra  , Amravati ,,,
India,Maharashtra  , Arjuni Merogaon ,,,
India,Maharashtra  , Arvi ,,,
India,Maharashtra  , Ashti ,,,
India,Maharashtra  , Atpadi ,,,
India,Maharashtra  , Aurangabad ,,,
India,Maharashtra  , Ausa ,,,
India,Maharashtra  , Babhulgaon ,,,
India,Maharashtra  , Balapur ,,,
India,Maharashtra  , Baramati ,,,
India,Maharashtra  , Barshi Takli ,,,
India,Maharashtra  , Barsi ,,,
India,Maharashtra  , Basmatnagar ,,,
India,Maharashtra  , Bassein ,,,
India,Maharashtra  , Beed ,,,
India,Maharashtra  , Bhadrawati ,,,
India,Maharashtra  , Bhamregadh ,,,
India,Maharashtra  , Bhandara ,,,
India,Maharashtra  , Bhir ,,,
India,Maharashtra  , Bhiwandi ,,,
India,Maharashtra  , Bhiwapur ,,,
India,Maharashtra  , Bhokar ,,,
India,Maharashtra  , Bhokardan ,,,
India,Maharashtra  , Bhoom ,,,
India,Maharashtra  , Bhor ,,,
India,Maharashtra  , Bhudargad ,,,
India,Maharashtra  , Bhusawal ,,,
India,Maharashtra  , Billoli ,,,
India,Maharashtra  , Brahmapuri ,,,
India,Maharashtra  , Buldhana ,,,
India,Maharashtra  , Butibori ,,,
India,Maharashtra  , Chalisgaon ,,,
India,Maharashtra  , Chamorshi ,,,
India,Maharashtra  , Chandgad ,,,
India,Maharashtra  , Chandrapur ,,,
India,Maharashtra  , Chandur ,,,
India,Maharashtra  , Chanwad ,,,
India,Maharashtra  , Chhikaldara ,,,
India,Maharashtra  , Chikhali ,,,
India,Maharashtra  , Chinchwad ,,,
India,Maharashtra  , Chiplun ,,,
India,Maharashtra  , Chopda ,,,
India,Maharashtra  , Chumur ,,,
India,Maharashtra  , Dahanu ,,,
India,Maharashtra  , Dapoli ,,,
India,Maharashtra  , Darwaha ,,,
India,Maharashtra  , Daryapur ,,,
India,Maharashtra  , Daund ,,,
India,Maharashtra  , Degloor ,,,
India,Maharashtra  , Delhi Tanda ,,,
India,Maharashtra  , Deogad ,,,
India,Maharashtra  , Deolgaonraja ,,,
India,Maharashtra  , Deori ,,,
India,Maharashtra  , Desaiganj ,,,
India,Maharashtra  , Dhadgaon ,,,
India,Maharashtra  , Dhanora ,,,
India,Maharashtra  , Dharani ,,,
India,Maharashtra  , Dhiwadi ,,,
India,Maharashtra  , Dhule ,,,
India,Maharashtra  , Dhulia ,,,
India,Maharashtra  , Digras ,,,
India,Maharashtra  , Dindori ,,,
India,Maharashtra  , Edalabad ,,,
India,Maharashtra  , Erandul ,,,
India,Maharashtra  , Etapalli ,,,
India,Maharashtra  , Gadhchiroli ,,,
India,Maharashtra  , Gadhinglaj ,,,
India,Maharashtra  , Gaganbavada ,,,
India,Maharashtra  , Gangakhed ,,,
India,Maharashtra  , Gangapur ,,,
India,Maharashtra  , Gevrai ,,,
India,Maharashtra  , Ghatanji ,,,
India,Maharashtra  , Golegaon ,,,
India,Maharashtra  , Gondia ,,,
India,Maharashtra  , Gondpipri ,,,
India,Maharashtra  , Goregaon ,,,
India,Maharashtra  , Guhagar ,,,
India,Maharashtra  , Hadgaon ,,,
India,Maharashtra  , Hatkangale ,,,
India,Maharashtra  , Hinganghat ,,,
India,Maharashtra  , Hingoli ,,,
India,Maharashtra  , Hingua ,,,
India,Maharashtra  , Igatpuri ,,,
India,Maharashtra  , Indapur ,,,
India,Maharashtra  , Islampur ,,,
India,Maharashtra  , Jalgaon ,,,
India,Maharashtra  , Jalna ,,,
India,Maharashtra  , Jamkhed ,,,
India,Maharashtra  , Jamner ,,,
India,Maharashtra  , Jath ,,,
India,Maharashtra  , Jawahar ,,,
India,Maharashtra  , Jintdor ,,,
India,Maharashtra  , Junnar ,,,
India,Maharashtra  , Kagal ,,,
India,Maharashtra  , Kaij ,,,
India,Maharashtra  , Kalamb ,,,
India,Maharashtra  , Kalamnuri ,,,
India,Maharashtra  , Kallam ,,,
India,Maharashtra  , Kalmeshwar ,,,
India,Maharashtra  , Kalwan ,,,
India,Maharashtra  , Kalyan ,,,
India,Maharashtra  , Kamptee ,,,
India,Maharashtra  , Kandhar ,,,
India,Maharashtra  , Kankavali ,,,
India,Maharashtra  , Kannad ,,,
India,Maharashtra  , Karad ,,,
India,Maharashtra  , Karjat ,,,
India,Maharashtra  , Karmala ,,,
India,Maharashtra  , Katol ,,,
India,Maharashtra  , Kavathemankal ,,,
India,Maharashtra  , Kedgaon ,,,
India,Maharashtra  , Khadakwasala ,,,
India,Maharashtra  , Khamgaon ,,,
India,Maharashtra  , Khed ,,,
India,Maharashtra  , Khopoli ,,,
India,Maharashtra  , Khultabad ,,,
India,Maharashtra  , Kinwat ,,,
India,Maharashtra  , Kolhapur ,,,
India,Maharashtra  , Kopargaon ,,,
India,Maharashtra  , Koregaon ,,,
India,Maharashtra  , Kudal ,,,
India,Maharashtra  , Kuhi ,,,
India,Maharashtra  , Kurkheda ,,,
India,Maharashtra  , Kusumba ,,,
India,Maharashtra  , Lakhandur ,,,
India,Maharashtra  , Langa ,,,
India,Maharashtra  , Latur ,,,
India,Maharashtra  , Lonar ,,,
India,Maharashtra  , Lonavala ,,,
India,Maharashtra  , Madangad ,,,
India,Maharashtra  , Madha ,,,
India,Maharashtra  , Mahabaleshwar ,,,
India,Maharashtra  , Mahad ,,,
India,Maharashtra  , Mahagaon ,,,
India,Maharashtra  , Mahasala ,,,
India,Maharashtra  , Mahaswad ,,,
India,Maharashtra  , Malegaon ,,,
India,Maharashtra  , Malgaon ,,,
India,Maharashtra  , Malgund ,,,
India,Maharashtra  , Malkapur ,,,
India,Maharashtra  , Malsuras ,,,
India,Maharashtra  , Malwan ,,,
India,Maharashtra  , Mancher ,,,
India,Maharashtra  , Mangalwedha ,,,
India,Maharashtra  , Mangaon ,,,
India,Maharashtra  , Mangrulpur ,,,
India,Maharashtra  , Manjalegaon ,,,
India,Maharashtra  , Manmad ,,,
India,Maharashtra  , Maregaon ,,,
India,Maharashtra  , Mehda ,,,
India,Maharashtra  , Mekhar ,,,
India,Maharashtra  , Mohadi ,,,
India,Maharashtra  , Mohol ,,,
India,Maharashtra  , Mokhada ,,,
India,Maharashtra  , Morshi ,,,
India,Maharashtra  , Mouda ,,,
India,Maharashtra  , Mukhed ,,,
India,Maharashtra  , Mul ,,,
India,Maharashtra  , Mumbai ,,,
India,Maharashtra  , Murbad ,,,
India,Maharashtra  , Murtizapur ,,,
India,Maharashtra  , Murud ,,,
India,Maharashtra  , Nagbhir ,,,
India,Maharashtra  , Nagpur ,,,
India,Maharashtra  , Nahavara ,,,
India,Maharashtra  , Nanded ,,,
India,Maharashtra  , Nandgaon ,,,
India,Maharashtra  , Nandnva ,,,
India,Maharashtra  , Nandurbar ,,,
India,Maharashtra  , Narkhed ,,,
India,Maharashtra  , Nashik ,,,
India,Maharashtra  , Navapur ,,,
India,Maharashtra  , Ner ,,,
India,Maharashtra  , Newasa ,,,
India,Maharashtra  , Nilanga ,,,
India,Maharashtra  , Niphad ,,,
India,Maharashtra  , Omerga ,,,
India,Maharashtra  , Osmanabad ,,,
India,Maharashtra  , Pachora ,,,
India,Maharashtra  , Paithan ,,,
India,Maharashtra  , Palghar ,,,
India,Maharashtra  , Pali ,,,
India,Maharashtra  , Pandharkawada ,,,
India,Maharashtra  , Pandharpur ,,,
India,Maharashtra  , Panhala ,,,
India,Maharashtra  , Paranda ,,,
India,Maharashtra  , Parbhani ,,,
India,Maharashtra  , Parner ,,,
India,Maharashtra  , Parola ,,,
India,Maharashtra  , Parseoni ,,,
India,Maharashtra  , Partur ,,,
India,Maharashtra  , Patan ,,,
India,Maharashtra  , Pathardi ,,,
India,Maharashtra  , Pathari ,,,
India,Maharashtra  , Patoda ,,,
India,Maharashtra  , Pauni ,,,
India,Maharashtra  , Peint ,,,
India,Maharashtra  , Pen ,,,
India,Maharashtra  , Phaltan ,,,
India,Maharashtra  , Pimpalner ,,,
India,Maharashtra  , Pirangut ,,,
India,Maharashtra  , Poladpur ,,,
India,Maharashtra  , Pune ,,,
India,Maharashtra  , Pusad ,,,
India,Maharashtra  , Pusegaon ,,,
India,Maharashtra  , Radhanagar ,,,
India,Maharashtra  , Rahuri ,,,
India,Maharashtra  , Raigad ,,,
India,Maharashtra  , Rajapur ,,,
India,Maharashtra  , Rajgurunagar ,,,
India,Maharashtra  , Rajura ,,,
India,Maharashtra  , Ralegaon ,,,
India,Maharashtra  , Ramtek ,,,
India,Maharashtra  , Ratnagiri ,,,
India,Maharashtra  , Raver ,,,
India,Maharashtra  , Risod ,,,
India,Maharashtra  , Roha ,,,
India,Maharashtra  , Sakarwadi ,,,
India,Maharashtra  , Sakoli ,,,
India,Maharashtra  , Sakri ,,,
India,Maharashtra  , Salekasa ,,,
India,Maharashtra  , Samudrapur ,,,
India,Maharashtra  , Sangamner ,,,
India,Maharashtra  , Sanganeshwar ,,,
India,Maharashtra  , Sangli ,,,
India,Maharashtra  , Sangola ,,,
India,Maharashtra  , Sanguem ,,,
India,Maharashtra  , Saoner ,,,
India,Maharashtra  , Saswad ,,,
India,Maharashtra  , Satana ,,,
India,Maharashtra  , Satara ,,,
India,Maharashtra  , Sawantwadi ,,,
India,Maharashtra  , Seloo ,,,
India,Maharashtra  , Shahada ,,,
India,Maharashtra  , Shahapur ,,,
India,Maharashtra  , Shahuwadi ,,,
India,Maharashtra  , Shevgaon ,,,
India,Maharashtra  , Shirala ,,,
India,Maharashtra  , Shirol ,,,
India,Maharashtra  , Shirpur ,,,
India,Maharashtra  , Shirur ,,,
India,Maharashtra  , Shirwal ,,,
India,Maharashtra  , Sholapur ,,,
India,Maharashtra  , Shri Rampur ,,,
India,Maharashtra  , Shrigonda ,,,
India,Maharashtra  , Shrivardhan ,,,
India,Maharashtra  , Sillod ,,,
India,Maharashtra  , Sinderwahi ,,,
India,Maharashtra  , Sindhudurg ,,,
India,Maharashtra  , Sindkheda ,,,
India,Maharashtra  , Sindkhedaraja ,,,
India,Maharashtra  , Sinnar ,,,
India,Maharashtra  , Sironcha ,,,
India,Maharashtra  , Soyegaon ,,,
India,Maharashtra  , Surgena ,,,
India,Maharashtra  , Talasari ,,,
India,Maharashtra  , Talegaon S,,Ji Pant ,
India,Maharashtra  , Taloda ,,,
India,Maharashtra  , Tasgaon ,,,
India,Maharashtra  , Thane ,,,
India,Maharashtra  , Tirora ,,,
India,Maharashtra  , Tiwasa ,,,
India,Maharashtra  , Trimbak ,,,
India,Maharashtra  , Tuljapur ,,,
India,Maharashtra  , Tumsar ,,,
India,Maharashtra  , Udgir ,,,
India,Maharashtra  , Umarkhed ,,,
India,Maharashtra  , Umrane ,,,
India,Maharashtra  , Umrer ,,,
India,Maharashtra  , Urlikanchan ,,,
India,Maharashtra  , Vaduj ,,,
India,Maharashtra  , Velhe ,,,
India,Maharashtra  , Vengurla ,,,
India,Maharashtra  , Vijapur ,,,
India,Maharashtra  , Vita ,,,
India,Maharashtra  , Wada ,,,
India,Maharashtra  , Wai ,,,
India,Maharashtra  , Walchandnagar ,,,
India,Maharashtra  , Wani ,,,
India,Maharashtra  , Wardha ,,,
India,Maharashtra  , Warlydwarud ,,,
India,Maharashtra  , Warora ,,,
India,Maharashtra  , Washim ,,,
India,Maharashtra  , Wathar ,,,
India,Maharashtra  , Yavatmal ,,,
India,Maharashtra  , Yawal ,,,
India,Maharashtra  , Yeola ,,,
India,Maharashtra  , Yeotmal ,,,
India,Manipur  , Bishnupur ,,,
India,Manipur  , Chakpikarong ,,,
India,Manipur  , Chandel ,,,
India,Manipur  , Chattrik ,,,
India,Manipur  , Churachandpur ,,,
India,Manipur  , Imphal ,,,
India,Manipur  , Jiribam ,,,
India,Manipur  , Kakching ,,,
India,Manipur  , Kalapahar ,,,
India,Manipur  , Mao ,,,
India,Manipur  , Mulam ,,,
India,Manipur  , Parbung ,,,
India,Manipur  , Sadarhills ,,,
India,Manipur  , Saibom ,,,
India,Manipur  , Sempang ,,,
India,Manipur  , Senapati ,,,
India,Manipur  , Sochumer ,,,
India,Manipur  , Taloulong ,,,
India,Manipur  , Tamenglong ,,,
India,Manipur  , Thinghat ,,,
India,Manipur  , Thoubal ,,,
India,Manipur  , Ukhrul ,,,
India,Meghalaya , Amlaren ,,,
India,Meghalaya , Baghmara ,,,
India,Meghalaya , Cherrapunjee ,,,
India,Meghalaya , Dadengiri ,,,
India,Meghalaya , Garo Hills ,,,
India,Meghalaya , Jaintia Hills ,,,
India,Meghalaya , Jowai ,,,
India,Meghalaya , Khasi Hills ,,,
India,Meghalaya , Khliehriat ,,,
India,Meghalaya , Mariang ,,,
India,Meghalaya , Mawkyrwat ,,,
India,Meghalaya , Nongpoh ,,,
India,Meghalaya , Nongstoin ,,,
India,Meghalaya , Resubelpara ,,,
India,Meghalaya , Ri Bhoi ,,,
India,Meghalaya , Shillong ,,,
India,Meghalaya , Tura ,,,
India,Meghalaya , Williamnagar ,,,
India,Mizoram  , Aizawl ,,,
India,Mizoram  , Champhai ,,,
India,Mizoram  , Demagiri ,,,
India,Mizoram  , Kolasib ,,,
India,Mizoram  , Lawngtlai ,,,
India,Mizoram  , Lunglei ,,,
India,Mizoram  , Mamit ,,,
India,Mizoram  , Saiha ,,,
India,Mizoram  , Serchhip ,,,
India,Nagaland  , Dimapur ,,,
India,Nagaland  , Jalukie ,,,
India,Nagaland  , Kiphire ,,,
India,Nagaland  , Kohima ,,,
India,Nagaland  , Mokokchung ,,,
India,Nagaland  , Mon ,,,
India,Nagaland  , Phek ,,,
India,Nagaland  , Tuensang ,,,
India,Nagaland  , Wokha ,,,
India,Nagaland  , Zunheboto ,,,
India,Orissa  , Anandapur ,,,
India,Orissa  , Angul ,,,
India,Orissa  , Anugul ,,,
India,Orissa  , Aska ,,,
India,Orissa  , Athgarh ,,,
India,Orissa  , Athmallik ,,,
India,Orissa  , Attabira ,,,
India,Orissa  , Bagdihi ,,,
India,Orissa  , Balangir ,,,
India,Orissa  , Balasore ,,,
India,Orissa  , Baleswar ,,,
India,Orissa  , Baliguda ,,,
India,Orissa  , Balugaon ,,,
India,Orissa  , Banaigarh ,,,
India,Orissa  , Bangiriposi ,,,
India,Orissa  , Barbil ,,,
India,Orissa  , Bargarh ,,,
India,Orissa  , Baripada ,,,
India,Orissa  , Barkot ,,,
India,Orissa  , Basta ,,,
India,Orissa  , Berhampur ,,,
India,Orissa  , Betanati ,,,
India,Orissa  , Bhadrak ,,,
India,Orissa  , Bhanjanagar ,,,
India,Orissa  , Bhawanipatna ,,,
India,Orissa  , Bhubaneswar ,,,
India,Orissa  , Birmaharajpur ,,,
India,Orissa  , Bisam Cuttack ,,,
India,Orissa  , Boriguma ,,,
India,Orissa  , Boudh ,,,
India,Orissa  , Buguda ,,,
India,Orissa  , Chandbali ,,,
India,Orissa  , Chhatrapur ,,,
India,Orissa  , Chhendipada ,,,
India,Orissa  , Cuttack ,,,
India,Orissa  , Daringbadi ,,,
India,Orissa  , Daspalla ,,,
India,Orissa  , Deodgarh ,,,
India,Orissa  , Deogarh ,,,
India,Orissa  , Dhanmandal ,,,
India,Orissa  , Dharamgarh ,,,
India,Orissa  , Dhenkanal ,,,
India,Orissa  , Digapahandi ,,,
India,Orissa  , Dunguripali ,,,
India,Orissa  , G,, Udayagiri ,
India,Orissa  , Gajapati ,,,
India,Orissa  , Ganjam ,,,
India,Orissa  , Ghatgaon ,,,
India,Orissa  , Gudari ,,,
India,Orissa  , Gunupur ,,,
India,Orissa  , Hemgiri ,,,
India,Orissa  , Hindol ,,,
India,Orissa  , Jagatsinghapur ,,,
India,Orissa  , Jajpur ,,,
India,Orissa  , Jamankira ,,,
India,Orissa  , Jashipur ,,,
India,Orissa  , Jayapatna ,,,
India,Orissa  , Jeypur ,,,
India,Orissa  , Jharigan ,,,
India,Orissa  , Jharsuguda ,,,
India,Orissa  , Jujumura ,,,
India,Orissa  , Kalahandi ,,,
India,Orissa  , Kalimela ,,,
India,Orissa  , Kamakhyanagar ,,,
India,Orissa  , Kandhamal ,,,
India,Orissa  , Kantabhanji ,,,
India,Orissa  , Kantamal ,,,
India,Orissa  , Karanjia ,,,
India,Orissa  , Kashipur ,,,
India,Orissa  , Kendrapara ,,,
India,Orissa  , Kendujhar ,,,
India,Orissa  , Keonjhar ,,,
India,Orissa  , Khalikote ,,,
India,Orissa  , Khordha ,,,
India,Orissa  , Khurda ,,,
India,Orissa  , Komana ,,,
India,Orissa  , Koraput ,,,
India,Orissa  , Kotagarh ,,,
India,Orissa  , Kuchinda ,,,
India,Orissa  , Lahunipara ,,,
India,Orissa  , Laxmipur ,,,
India,Orissa  , M,, Rampur ,
India,Orissa  , Malkangiri ,,,
India,Orissa  , Mathili ,,,
India,Orissa  , Mayurbhanj ,,,
India,Orissa  , Mohana ,,,
India,Orissa  , Motu ,,,
India,Orissa  , Nabarangapur ,,,
India,Orissa  , Naktideul ,,,
India,Orissa  , Nandapur ,,,
India,Orissa  , Narlaroad ,,,
India,Orissa  , Narsinghpur ,,,
India,Orissa  , Nayagarh ,,,
India,Orissa  , Nimapara ,,,
India,Orissa  , Nowparatan ,,,
India,Orissa  , Nowrangapur ,,,
India,Orissa  , Nuapada ,,,
India,Orissa  , Padampur ,,,
India,Orissa  , Paikamal ,,,
India,Orissa  , Palla Hara ,,,
India,Orissa  , Papadhandi ,,,
India,Orissa  , Parajang ,,,
India,Orissa  , Pardip ,,,
India,Orissa  , Parlakhemundi ,,,
India,Orissa  , Patnagarh ,,,
India,Orissa  , Pattamundai ,,,
India,Orissa  , Phiringia ,,,
India,Orissa  , Phulbani ,,,
India,Orissa  , Puri ,,,
India,Orissa  , Puruna Katak ,,,
India,Orissa  , R,, Udayigiri ,
India,Orissa  , Rairakhol ,,,
India,Orissa  , Rairangpur ,,,
India,Orissa  , Rajgangpur ,,,
India,Orissa  , Rajkhariar ,,,
India,Orissa  , Rayagada ,,,
India,Orissa  , Rourkela ,,,
India,Orissa  , Sambalpur ,,,
India,Orissa  , Sohela ,,,
India,Orissa  , Sonapur ,,,
India,Orissa  , Soro ,,,
India,Orissa  , Subarnapur ,,,
India,Orissa  , Sunabeda ,,,
India,Orissa  , Sundergarh ,,,
India,Orissa  , Surada ,,,
India,Orissa  , T,, Rampur ,
India,Orissa  , Talcher ,,,
India,Orissa  , Telkoi ,,,
India,Orissa  , Titlagarh ,,,
India,Orissa  , Tumudibandha ,,,
India,Orissa  , Udala ,,,
India,Orissa  , Umerkote ,,,
India,Pondicherry , Bahur ,,,
India,Pondicherry , Karaikal ,,,
India,Pondicherry , Mahe ,,,
India,Pondicherry , Pondicherry ,,,
India,Pondicherry , Purnankuppam ,,,
India,Pondicherry , Valudavur ,,,
India,Pondicherry , Villianur ,,,
India,Pondicherry , Yanam ,,,
India,Punjab  , Abohar ,,,
India,Punjab  , Ajnala ,,,
India,Punjab  , Amritsar ,,,
India,Punjab  , Balachaur ,,,
India,Punjab  , Barnala ,,,
India,Punjab  , Batala ,,,
India,Punjab  , Bathinda ,,,
India,Punjab  , Chandigarh ,,,
India,Punjab  , Dasua ,,,
India,Punjab  , Dinanagar ,,,
India,Punjab  , Faridkot ,,,
India,Punjab  , Fatehgarh Sahib ,,,
India,Punjab  , Fazilka ,,,
India,Punjab  , Ferozepur ,,,
India,Punjab  , Garhashanker ,,,
India,Punjab  , Goindwal ,,,
India,Punjab  , Gurdaspur ,,,
India,Punjab  , Guruharsahai ,,,
India,Punjab  , Hoshiarpur ,,,
India,Punjab  , Jagraon ,,,
India,Punjab  , Jalandhar ,,,
India,Punjab  , Jugial ,,,
India,Punjab  , Kapurthala ,,,
India,Punjab  , Kharar ,,,
India,Punjab  , Kotkapura ,,,
India,Punjab  , Ludhiana ,,,
India,Punjab  , Malaut ,,,
India,Punjab  , Malerkotla ,,,
India,Punjab  , Mansa ,,,
India,Punjab  , Moga ,,,
India,Punjab  , Muktasar ,,,
India,Punjab  , Nabha ,,,
India,Punjab  , Nakodar ,,,
India,Punjab  , Nangal ,,,
India,Punjab  , Nawanshahar ,,,
India,Punjab  , Nawanshahr ,,,
India,Punjab  , Pathankot ,,,
India,Punjab  , Patiala ,,,
India,Punjab  , Patti ,,,
India,Punjab  , Phagwara ,,,
India,Punjab  , Phillaur ,,,
India,Punjab  , Phulmandi ,,,
India,Punjab  , Quadian ,,,
India,Punjab  , Rajpura ,,,
India,Punjab  , Raman ,,,
India,Punjab  , Rayya ,,,
India,Punjab  , Ropar ,,,
India,Punjab  , Rupnagar ,,,
India,Punjab  , Samana ,,,
India,Punjab  , Samrala ,,,
India,Punjab  , Sangrur ,,,
India,Punjab  , Sardulgarh ,,,
India,Punjab  , Sarhind ,,,
India,Punjab  , SAS Nagar ,,,
India,Punjab  , Sultanpur Lodhi ,,,
India,Punjab  , Sunam ,,,
India,Punjab  , Tanda Urmar ,,,
India,Punjab  , Taran Taran ,,,
India,Punjab  , Zira ,,,
India,Rajasthan  , Abu Road ,,,
India,Rajasthan  , Ahore ,,,
India,Rajasthan  , Ajmer ,,,
India,Rajasthan  , Aklera ,,,
India,Rajasthan  , Alwar ,,,
India,Rajasthan  , Amber ,,,
India,Rajasthan  , Amet ,,,
India,Rajasthan  , Anupgarh ,,,
India,Rajasthan  , Asind ,,,
India,Rajasthan  , Aspur ,,,
India,Rajasthan  , Atru ,,,
India,Rajasthan  , Bagidora ,,,
India,Rajasthan  , Bali ,,,
India,Rajasthan  , Bamanwas ,,,
India,Rajasthan  , Banera ,,,
India,Rajasthan  , Bansur ,,,
India,Rajasthan  , Banswara ,,,
India,Rajasthan  , Baran ,,,
India,Rajasthan  , Bari ,,,
India,Rajasthan  , Barisadri ,,,
India,Rajasthan  , Barmer ,,,
India,Rajasthan  , Baseri ,,,
India,Rajasthan  , Bassi ,,,
India,Rajasthan  , Baswa ,,,
India,Rajasthan  , Bayana ,,,
India,Rajasthan  , Beawar ,,,
India,Rajasthan  , Begun ,,,
India,Rajasthan  , Behror ,,,
India,Rajasthan  , Bhadra ,,,
India,Rajasthan  , Bharatpur ,,,
India,Rajasthan  , Bhilwara ,,,
India,Rajasthan  , Bhim ,,,
India,Rajasthan  , Bhinmal ,,,
India,Rajasthan  , Bikaner ,,,
India,Rajasthan  , Bilara ,,,
India,Rajasthan  , Bundi ,,,
India,Rajasthan  , Chhabra ,,,
India,Rajasthan  , Chhipaborad ,,,
India,Rajasthan  , Chirawa ,,,
India,Rajasthan  , Chittorgarh ,,,
India,Rajasthan  , Chohtan ,,,
India,Rajasthan  , Churu ,,,
India,Rajasthan  , Dantaramgarh ,,,
India,Rajasthan  , Dausa ,,,
India,Rajasthan  , Deedwana ,,,
India,Rajasthan  , Deeg ,,,
India,Rajasthan  , Degana ,,,
India,Rajasthan  , Deogarh ,,,
India,Rajasthan  , Deoli ,,,
India,Rajasthan  , Desuri ,,,
India,Rajasthan  , Dhariawad ,,,
India,Rajasthan  , Dholpur ,,,
India,Rajasthan  , Digod ,,,
India,Rajasthan  , Dudu ,,,
India,Rajasthan  , Dungarpur ,,,
India,Rajasthan  , Dungla ,,,
India,Rajasthan  , Fatehpur ,,,
India,Rajasthan  , Gangapur ,,,
India,Rajasthan  , Gangdhar ,,,
India,Rajasthan  , Gerhi ,,,
India,Rajasthan  , Ghatol ,,,
India,Rajasthan  , Girwa ,,,
India,Rajasthan  , Gogunda ,,,
India,Rajasthan  , Hanumangarh ,,,
India,Rajasthan  , Hindaun ,,,
India,Rajasthan  , Hindoli ,,,
India,Rajasthan  , Hurda ,,,
India,Rajasthan  , Jahazpur ,,,
India,Rajasthan  , Jaipur ,,,
India,Rajasthan  , Jaisalmer ,,,
India,Rajasthan  , Jalore ,,,
India,Rajasthan  , Jhalawar ,,,
India,Rajasthan  , Jhunjhunu ,,,
India,Rajasthan  , Jodhpur ,,,
India,Rajasthan  , Kaman ,,,
India,Rajasthan  , Kapasan ,,,
India,Rajasthan  , Karauli ,,,
India,Rajasthan  , Kekri ,,,
India,Rajasthan  , Keshoraipatan ,,,
India,Rajasthan  , Khandar ,,,
India,Rajasthan  , Kherwara ,,,
India,Rajasthan  , Khetri ,,,
India,Rajasthan  , Kishanganj ,,,
India,Rajasthan  , Kishangarh ,,,
India,Rajasthan  , Kishangarhbas ,,,
India,Rajasthan  , Kolayat ,,,
India,Rajasthan  , Kota ,,,
India,Rajasthan  , Kotputli ,,,
India,Rajasthan  , Kotra ,,,
India,Rajasthan  , Kotri ,,,
India,Rajasthan  , Kumbalgarh ,,,
India,Rajasthan  , Kushalgarh ,,,
India,Rajasthan  , Ladnun ,,,
India,Rajasthan  , Ladpura ,,,
India,Rajasthan  , Lalsot ,,,
India,Rajasthan  , Laxmangarh ,,,
India,Rajasthan  , Lunkaransar ,,,
India,Rajasthan  , Mahuwa ,,,
India,Rajasthan  , Malpura ,,,
India,Rajasthan  , Malvi ,,,
India,Rajasthan  , Mandal ,,,
India,Rajasthan  , Mandalgarh ,,,
India,Rajasthan  , Mandawar ,,,
India,Rajasthan  , Mangrol ,,,
India,Rajasthan  , Marwar-Jn ,,,
India,Rajasthan  , Merta ,,,
India,Rajasthan  , Nadbai ,,,
India,Rajasthan  , Nagaur ,,,
India,Rajasthan  , Nainwa ,,,
India,Rajasthan  , Nasirabad ,,,
India,Rajasthan  , Nathdwara ,,,
India,Rajasthan  , Nawa ,,,
India,Rajasthan  , Neem Ka Thana ,,,
India,Rajasthan  , Newai ,,,
India,Rajasthan  , Nimbahera ,,,
India,Rajasthan  , Nohar ,,,
India,Rajasthan  , Nokha ,,,
India,Rajasthan  , Onli ,,,
India,Rajasthan  , Osian ,,,
India,Rajasthan  , Pachpadara ,,,
India,Rajasthan  , Pachpahar ,,,
India,Rajasthan  , Padampur ,,,
India,Rajasthan  , Pali ,,,
India,Rajasthan  , Parbatsar ,,,
India,Rajasthan  , Phagi ,,,
India,Rajasthan  , Phalodi ,,,
India,Rajasthan  , Pilani ,,,
India,Rajasthan  , Pindwara ,,,
India,Rajasthan  , Pipalda ,,,
India,Rajasthan  , Pirawa ,,,
India,Rajasthan  , Pokaran ,,,
India,Rajasthan  , Pratapgarh ,,,
India,Rajasthan  , Raipur ,,,
India,Rajasthan  , Raisinghnagar ,,,
India,Rajasthan  , Rajgarh ,,,
India,Rajasthan  , Rajsamand ,,,
India,Rajasthan  , Ramganj Mandi ,,,
India,Rajasthan  , Ramgarh ,,,
India,Rajasthan  , Rashmi ,,,
India,Rajasthan  , Ratangarh ,,,
India,Rajasthan  , Reodar ,,,
India,Rajasthan  , Rupbas ,,,
India,Rajasthan  , Sadulshahar ,,,
India,Rajasthan  , Sagwara ,,,
India,Rajasthan  , Sahabad ,,,
India,Rajasthan  , Salumber ,,,
India,Rajasthan  , Sanchore ,,,
India,Rajasthan  , Sangaria ,,,
India,Rajasthan  , Sangod ,,,
India,Rajasthan  , Sapotra ,,,
India,Rajasthan  , Sarada ,,,
India,Rajasthan  , Sardarshahar ,,,
India,Rajasthan  , Sarwar ,,,
India,Rajasthan  , Sawai Madhopur ,,,
India,Rajasthan  , Shahapura ,,,
India,Rajasthan  , Sheo ,,,
India,Rajasthan  , Sheoganj ,,,
India,Rajasthan  , Shergarh ,,,
India,Rajasthan  , Sikar ,,,
India,Rajasthan  , Sirohi ,,,
India,Rajasthan  , Siwana ,,,
India,Rajasthan  , Sojat ,,,
India,Rajasthan  , Sri Dungargarh ,,,
India,Rajasthan  , Sri Ganganagar ,,,
India,Rajasthan  , Sri Karanpur ,,,
India,Rajasthan  , Sri Madhopur ,,,
India,Rajasthan  , Sujangarh ,,,
India,Rajasthan  , Taranagar ,,,
India,Rajasthan  , Thanaghazi ,,,
India,Rajasthan  , Tibbi ,,,
India,Rajasthan  , Tijara ,,,
India,Rajasthan  , Todaraisingh ,,,
India,Rajasthan  , Tonk ,,,
India,Rajasthan  , Udaipur ,,,
India,Rajasthan  , Udaipurwati ,,,
India,Rajasthan  , Uniayara ,,,
India,Rajasthan  , Vallabhnagar ,,,
India,Rajasthan  , Viratnagar ,,,
India,Sikkim  , Barmiak ,,,
India,Sikkim  , Be ,,,
India,Sikkim  , Bhurtuk ,,,
India,Sikkim  , Chhubakha ,,,
India,Sikkim  , Chidam ,,,
India,Sikkim  , Chubha ,,,
India,Sikkim  , Chumikteng ,,,
India,Sikkim  , Dentam ,,,
India,Sikkim  , Dikchu ,,,
India,Sikkim  , Dzongri ,,,
India,Sikkim  , Gangtok ,,,
India,Sikkim  , Gauzing ,,,
India,Sikkim  , Gyalshing ,,,
India,Sikkim  , Hema ,,,
India,Sikkim  , Kerung ,,,
India,Sikkim  , Lachen ,,,
India,Sikkim  , Lachung ,,,
India,Sikkim  , Lema ,,,
India,Sikkim  , Lingtam ,,,
India,Sikkim  , Lungthu ,,,
India,Sikkim  , Mangan ,,,
India,Sikkim  , Namchi ,,,
India,Sikkim  , Namthang ,,,
India,Sikkim  , Nanga ,,,
India,Sikkim  , Nantang ,,,
India,Sikkim  , Naya Bazar ,,,
India,Sikkim  , Padamachen ,,,
India,Sikkim  , Pakhyong ,,,
India,Sikkim  , Pemayangtse ,,,
India,Sikkim  , Phensang ,,,
India,Sikkim  , Rangli ,,,
India,Sikkim  , Rinchingpong ,,,
India,Sikkim  , Sakyong ,,,
India,Sikkim  , Samdong ,,,
India,Sikkim  , Singtam ,,,
India,Sikkim  , Siniolchu ,,,
India,Sikkim  , Sombari ,,,
India,Sikkim  , Soreng ,,,
India,Sikkim  , Sosing ,,,
India,Sikkim  , Tekhug ,,,
India,Sikkim  , Temi ,,,
India,Sikkim  , Tsetang ,,,
India,Sikkim  , Tsomgo ,,,
India,Sikkim  , Tumlong ,,,
India,Sikkim  , Yangang ,,,
India,Sikkim  , Yumtang ,,,
India,Tamil Nadu , Ambasamudram ,,,
India,Tamil Nadu , Anamali ,,,
India,Tamil Nadu , Arakandanallur ,,,
India,Tamil Nadu , Arantangi ,,,
India,Tamil Nadu , Aravakurichi ,,,
India,Tamil Nadu , Ariyalur ,,,
India,Tamil Nadu , Arkonam ,,,
India,Tamil Nadu , Arni ,,,
India,Tamil Nadu , Aruppukottai ,,,
India,Tamil Nadu , Attur ,,,
India,Tamil Nadu , Avanashi ,,,
India,Tamil Nadu , Batlagundu ,,,
India,Tamil Nadu , Bhavani ,,,
India,Tamil Nadu , Chengalpattu ,,,
India,Tamil Nadu , Chengam ,,,
India,Tamil Nadu , Chennai ,,,
India,Tamil Nadu , Chidambaram ,,,
India,Tamil Nadu , Chingleput ,,,
India,Tamil Nadu , Coimbatore ,,,
India,Tamil Nadu , Courtallam ,,,
India,Tamil Nadu , Cuddalore ,,,
India,Tamil Nadu , Cumbum ,,,
India,Tamil Nadu , Denkanikoitah ,,,
India,Tamil Nadu , Devakottai ,,,
India,Tamil Nadu , Dharampuram ,,,
India,Tamil Nadu , Dharmapuri ,,,
India,Tamil Nadu , Dindigul ,,,
India,Tamil Nadu , Erode ,,,
India,Tamil Nadu , Gingee ,,,
India,Tamil Nadu , Gobichettipalayam ,,,
India,Tamil Nadu , Gudalur ,,,
India,Tamil Nadu , Gudiyatham ,,,
India,Tamil Nadu , Harur ,,,
India,Tamil Nadu , Hosur ,,,
India,Tamil Nadu , Jayamkondan ,,,
India,Tamil Nadu , Kallkurichi ,,,
India,Tamil Nadu , Kanchipuram ,,,
India,Tamil Nadu , Kangayam ,,,
India,Tamil Nadu , Kanyakumari ,,,
India,Tamil Nadu , Karaikal ,,,
India,Tamil Nadu , Karaikudi ,,,
India,Tamil Nadu , Karur ,,,
India,Tamil Nadu , Keeranur ,,,
India,Tamil Nadu , Kodaikanal ,,,
India,Tamil Nadu , Kodumudi ,,,
India,Tamil Nadu , Kotagiri ,,,
India,Tamil Nadu , Kovilpatti ,,,
India,Tamil Nadu , Krishnagiri ,,,
India,Tamil Nadu , Kulithalai ,,,
India,Tamil Nadu , Kumbakonam ,,,
India,Tamil Nadu , Kuzhithurai ,,,
India,Tamil Nadu , Madurai ,,,
India,Tamil Nadu , Madurantgam ,,,
India,Tamil Nadu , Manamadurai ,,,
India,Tamil Nadu , Manaparai ,,,
India,Tamil Nadu , Mannargudi ,,,
India,Tamil Nadu , Mayiladuthurai ,,,
India,Tamil Nadu , Mayiladutjurai ,,,
India,Tamil Nadu , Mettupalayam ,,,
India,Tamil Nadu , Metturdam ,,,
India,Tamil Nadu , Mudukulathur ,,,
India,Tamil Nadu , Mulanur ,,,
India,Tamil Nadu , Musiri ,,,
India,Tamil Nadu , Nagapattinam ,,,
India,Tamil Nadu , Nagarcoil ,,,
India,Tamil Nadu , Namakkal ,,,
India,Tamil Nadu , Nanguneri ,,,
India,Tamil Nadu , Natham ,,,
India,Tamil Nadu , Neyveli ,,,
India,Tamil Nadu , Nilgiris ,,,
India,Tamil Nadu , Oddanchatram ,,,
India,Tamil Nadu , Omalpur ,,,
India,Tamil Nadu , Ootacamund ,,,
India,Tamil Nadu , Ooty ,,,
India,Tamil Nadu , Orathanad ,,,
India,Tamil Nadu , Palacode ,,,
India,Tamil Nadu , Palani ,,,
India,Tamil Nadu , Palladum ,,,
India,Tamil Nadu , Papanasam ,,,
India,Tamil Nadu , Paramakudi ,,,
India,Tamil Nadu , Pattukottai ,,,
India,Tamil Nadu , Perambalur ,,,
India,Tamil Nadu , Perundurai ,,,
India,Tamil Nadu , Pollachi ,,,
India,Tamil Nadu , Polur ,,,
India,Tamil Nadu , Pondicherry ,,,
India,Tamil Nadu , Ponnamaravathi ,,,
India,Tamil Nadu , Ponneri ,,,
India,Tamil Nadu , Pudukkottai ,,,
India,Tamil Nadu , Rajapalayam ,,,
India,Tamil Nadu , Ramanathapuram ,,,
India,Tamil Nadu , Rameshwaram ,,,
India,Tamil Nadu , Ranipet ,,,
India,Tamil Nadu , Rasipuram ,,,
India,Tamil Nadu , Salem ,,,
India,Tamil Nadu , Sankagiri ,,,
India,Tamil Nadu , Sankaran ,,,
India,Tamil Nadu , Sathiyamangalam ,,,
India,Tamil Nadu , Sivaganga ,,,
India,Tamil Nadu , Sivakasi ,,,
India,Tamil Nadu , Sriperumpudur ,,,
India,Tamil Nadu , Srivaikundam ,,,
India,Tamil Nadu , Tenkasi ,,,
India,Tamil Nadu , Thanjavur ,,,
India,Tamil Nadu , Theni ,,,
India,Tamil Nadu , Thirumanglam ,,,
India,Tamil Nadu , Thiruraipoondi ,,,
India,Tamil Nadu , Thoothukudi ,,,
India,Tamil Nadu , Thuraiyure ,,,
India,Tamil Nadu , Tindivanam ,,,
India,Tamil Nadu , Tiruchendur ,,,
India,Tamil Nadu , Tiruchengode ,,,
India,Tamil Nadu , Tiruchirappalli ,,,
India,Tamil Nadu , Tirunelvelli ,,,
India,Tamil Nadu , Tirupathur ,,,
India,Tamil Nadu , Tirupur ,,,
India,Tamil Nadu , Tiruttani ,,,
India,Tamil Nadu , Tiruvallur ,,,
India,Tamil Nadu , Tiruvannamalai ,,,
India,Tamil Nadu , Tiruvarur ,,,
India,Tamil Nadu , Tiruvellore ,,,
India,Tamil Nadu , Tiruvettipuram ,,,
India,Tamil Nadu , Trichy ,,,
India,Tamil Nadu , Tuticorin ,,,
India,Tamil Nadu , Udumalpet ,,,
India,Tamil Nadu , Ulundurpet ,,,
India,Tamil Nadu , Usiliampatti ,,,
India,Tamil Nadu , Uthangarai ,,,
India,Tamil Nadu , Valapady ,,,
India,Tamil Nadu , Valliyoor ,,,
India,Tamil Nadu , Vaniyambadi ,,,
India,Tamil Nadu , Vedasandur ,,,
India,Tamil Nadu , Vellore ,,,
India,Tamil Nadu , Velur ,,,
India,Tamil Nadu , Vilathikulam ,,,
India,Tamil Nadu , Villupuram ,,,
India,Tamil Nadu , Virudhachalam ,,,
India,Tamil Nadu , Virudhunagar ,,,
India,Tamil Nadu , Wandiwash ,,,
India,Tamil Nadu , Yercaud ,,,
India,Tripura  , Agartala ,,,
India,Tripura  , Ambasa ,,,
India,Tripura  , Bampurbari ,,,
India,Tripura  , Belonia ,,,
India,Tripura  , Dhalai ,,,
India,Tripura  , Dharam Nagar ,,,
India,Tripura  , Kailashahar ,,,
India,Tripura  , Kamal Krishnabari ,,,
India,Tripura  , Khopaiyapara ,,,
India,Tripura  , Khowai ,,,
India,Tripura  , Phuldungsei ,,,
India,Tripura  , Radha Kishore Pur ,,,
India,Tripura  , Tripura ,,,
India,Uttar Pradesh , Achhnera ,,,
India,Uttar Pradesh , Agra ,,,
India,Uttar Pradesh , Akbarpur ,,,
India,Uttar Pradesh , Aliganj ,,,
India,Uttar Pradesh , Aligarh ,,,
India,Uttar Pradesh , Allahabad ,,,
India,Uttar Pradesh , Ambedkar Nagar ,,,
India,Uttar Pradesh , Amethi ,,,
India,Uttar Pradesh , Amiliya ,,,
India,Uttar Pradesh , Amroha ,,,
India,Uttar Pradesh , Anola ,,,
India,Uttar Pradesh , Atrauli ,,,
India,Uttar Pradesh , Auraiya ,,,
India,Uttar Pradesh , Azamgarh ,,,
India,Uttar Pradesh , Baberu ,,,
India,Uttar Pradesh , Badaun ,,,
India,Uttar Pradesh , Baghpat ,,,
India,Uttar Pradesh , Bagpat ,,,
India,Uttar Pradesh , Baheri ,,,
India,Uttar Pradesh , Bahraich ,,,
India,Uttar Pradesh , Ballia ,,,
India,Uttar Pradesh , Balrampur ,,,
India,Uttar Pradesh , Banda ,,,
India,Uttar Pradesh , Bansdeeh ,,,
India,Uttar Pradesh , Bansgaon ,,,
India,Uttar Pradesh , Bansi ,,,
India,Uttar Pradesh , Barabanki ,,,
India,Uttar Pradesh , Bareilly ,,,
India,Uttar Pradesh , Basti ,,,
India,Uttar Pradesh , Bhadohi ,,,
India,Uttar Pradesh , Bharthana ,,,
India,Uttar Pradesh , Bharwari ,,,
India,Uttar Pradesh , Bhogaon ,,,
India,Uttar Pradesh , Bhognipur ,,,
India,Uttar Pradesh , Bidhuna ,,,
India,Uttar Pradesh , Bijnore ,,,
India,Uttar Pradesh , Bikapur ,,,
India,Uttar Pradesh , Bilari ,,,
India,Uttar Pradesh , Bilgram ,,,
India,Uttar Pradesh , Bilhaur ,,,
India,Uttar Pradesh , Bindki ,,,
India,Uttar Pradesh , Bisalpur ,,,
India,Uttar Pradesh , Bisauli ,,,
India,Uttar Pradesh , Biswan ,,,
India,Uttar Pradesh , Budaun ,,,
India,Uttar Pradesh , Budhana ,,,
India,Uttar Pradesh , Bulandshahar ,,,
India,Uttar Pradesh , Bulandshahr ,,,
India,Uttar Pradesh , Capianganj ,,,
India,Uttar Pradesh , Chakia ,,,
India,Uttar Pradesh , Chandauli ,,,
India,Uttar Pradesh , Charkhari ,,,
India,Uttar Pradesh , Chhata ,,,
India,Uttar Pradesh , Chhibramau ,,,
India,Uttar Pradesh , Chirgaon ,,,
India,Uttar Pradesh , Chitrakoot ,,,
India,Uttar Pradesh , Chunur ,,,
India,Uttar Pradesh , Dadri ,,,
India,Uttar Pradesh , Dalmau ,,,
India,Uttar Pradesh , Dataganj ,,,
India,Uttar Pradesh , Debai ,,,
India,Uttar Pradesh , Deoband ,,,
India,Uttar Pradesh , Deoria ,,,
India,Uttar Pradesh , Derapur ,,,
India,Uttar Pradesh , Dhampur ,,,
India,Uttar Pradesh , Domariyaganj ,,,
India,Uttar Pradesh , Dudhi ,,,
India,Uttar Pradesh , Etah ,,,
India,Uttar Pradesh , Etawah ,,,
India,Uttar Pradesh , Faizabad ,,,
India,Uttar Pradesh , Farrukhabad ,,,
India,Uttar Pradesh , Fatehpur ,,,
India,Uttar Pradesh , Firozabad ,,,
India,Uttar Pradesh , Garauth ,,,
India,Uttar Pradesh , Garhmukteshwar ,,,
India,Uttar Pradesh , Gautam Buddha Nagar ,,,
India,Uttar Pradesh , Ghatampur ,,,
India,Uttar Pradesh , Ghaziabad ,,,
India,Uttar Pradesh , Ghazipur ,,,
India,Uttar Pradesh , Ghosi ,,,
India,Uttar Pradesh , Gonda ,,,
India,Uttar Pradesh , Gorakhpur ,,,
India,Uttar Pradesh , Gunnaur ,,,
India,Uttar Pradesh , Haidergarh ,,,
India,Uttar Pradesh , Hamirpur ,,,
India,Uttar Pradesh , Hapur ,,,
India,Uttar Pradesh , Hardoi ,,,
India,Uttar Pradesh , Harraiya ,,,
India,Uttar Pradesh , Hasanganj ,,,
India,Uttar Pradesh , Hasanpur ,,,
India,Uttar Pradesh , Hathras ,,,
India,Uttar Pradesh , Jalalabad ,,,
India,Uttar Pradesh , Jalaun ,,,
India,Uttar Pradesh , Jalesar ,,,
India,Uttar Pradesh , Jansath ,,,
India,Uttar Pradesh , Jarar ,,,
India,Uttar Pradesh , Jasrana ,,,
India,Uttar Pradesh , Jaunpur ,,,
India,Uttar Pradesh , Jhansi ,,,
India,Uttar Pradesh , Jyotiba Phule Nagar ,,,
India,Uttar Pradesh , Kadipur ,,,
India,Uttar Pradesh , Kaimganj ,,,
India,Uttar Pradesh , Kairana ,,,
India,Uttar Pradesh , Kaisarganj ,,,
India,Uttar Pradesh , Kalpi ,,,
India,Uttar Pradesh , Kannauj ,,,
India,Uttar Pradesh , Kanpur ,,,
India,Uttar Pradesh , Karchhana ,,,
India,Uttar Pradesh , Karhal ,,,
India,Uttar Pradesh , Karvi ,,,
India,Uttar Pradesh , Kasganj ,,,
India,Uttar Pradesh , Kaushambi ,,,
India,Uttar Pradesh , Kerakat ,,,
India,Uttar Pradesh , Khaga ,,,
India,Uttar Pradesh , Khair ,,,
India,Uttar Pradesh , Khalilabad ,,,
India,Uttar Pradesh , Kheri ,,,
India,Uttar Pradesh , Konch ,,,
India,Uttar Pradesh , Kumaon ,,,
India,Uttar Pradesh , Kunda ,,,
India,Uttar Pradesh , Kushinagar ,,,
India,Uttar Pradesh , Lalganj ,,,
India,Uttar Pradesh , Lalitpur ,,,
India,Uttar Pradesh , Lucknow ,,,
India,Uttar Pradesh , Machlishahar ,,,
India,Uttar Pradesh , Maharajganj ,,,
India,Uttar Pradesh , Mahoba ,,,
India,Uttar Pradesh , Mainpuri ,,,
India,Uttar Pradesh , Malihabad ,,,
India,Uttar Pradesh , Mariyahu ,,,
India,Uttar Pradesh , Math ,,,
India,Uttar Pradesh , Mathura ,,,
India,Uttar Pradesh , Mau ,,,
India,Uttar Pradesh , Maudaha ,,,
India,Uttar Pradesh , Maunathbhanjan ,,,
India,Uttar Pradesh , Mauranipur ,,,
India,Uttar Pradesh , Mawana ,,,
India,Uttar Pradesh , Meerut ,,,
India,Uttar Pradesh , Mehraun ,,,
India,Uttar Pradesh , Meja ,,,
India,Uttar Pradesh , Mirzapur ,,,
India,Uttar Pradesh , Misrikh ,,,
India,Uttar Pradesh , Modinagar ,,,
India,Uttar Pradesh , Mohamdabad ,,,
India,Uttar Pradesh , Mohamdi ,,,
India,Uttar Pradesh , Moradabad ,,,
India,Uttar Pradesh , Musafirkhana ,,,
India,Uttar Pradesh , Muzaffarnagar ,,,
India,Uttar Pradesh , Nagina ,,,
India,Uttar Pradesh , Najibabad ,,,
India,Uttar Pradesh , Nakur ,,,
India,Uttar Pradesh , Nanpara ,,,
India,Uttar Pradesh , Naraini ,,,
India,Uttar Pradesh , Naugarh ,,,
India,Uttar Pradesh , Nawabganj ,,,
India,Uttar Pradesh , Nighasan ,,,
India,Uttar Pradesh , Noida ,,,
India,Uttar Pradesh , Orai ,,,
India,Uttar Pradesh , Padrauna ,,,
India,Uttar Pradesh , Pahasu ,,,
India,Uttar Pradesh , Patti ,,,
India,Uttar Pradesh , Pharenda ,,,
India,Uttar Pradesh , Phoolpur ,,,
India,Uttar Pradesh , Phulpur ,,,
India,Uttar Pradesh , Pilibhit ,,,
India,Uttar Pradesh , Pitamberpur ,,,
India,Uttar Pradesh , Powayan ,,,
India,Uttar Pradesh , Pratapgarh ,,,
India,Uttar Pradesh , Puranpur ,,,
India,Uttar Pradesh , Purwa ,,,
India,Uttar Pradesh , Raibareli ,,,
India,Uttar Pradesh , Rampur ,,,
India,Uttar Pradesh , Ramsanehi Ghat ,,,
India,Uttar Pradesh , Rasara ,,,
India,Uttar Pradesh , Rath ,,,
India,Uttar Pradesh , Robertsganj ,,,
India,Uttar Pradesh , Sadabad ,,,
India,Uttar Pradesh , Safipur ,,,
India,Uttar Pradesh , Sagri ,,,
India,Uttar Pradesh , Saharanpur ,,,
India,Uttar Pradesh , Sahaswan ,,,
India,Uttar Pradesh , Sahjahanpur ,,,
India,Uttar Pradesh , Saidpur ,,,
India,Uttar Pradesh , Salempur ,,,
India,Uttar Pradesh , Salon ,,,
India,Uttar Pradesh , Sambhal ,,,
India,Uttar Pradesh , Sandila ,,,
India,Uttar Pradesh , Sant Kabir Nagar ,,,
India,Uttar Pradesh , Sant Ravidas Nagar ,,,
India,Uttar Pradesh , Sardhana ,,,
India,Uttar Pradesh , Shahabad ,,,
India,Uttar Pradesh , Shahganj ,,,
India,Uttar Pradesh , Shahjahanpur ,,,
India,Uttar Pradesh , Shikohabad ,,,
India,Uttar Pradesh , Shravasti ,,,
India,Uttar Pradesh , Siddharthnagar ,,,
India,Uttar Pradesh , Sidhauli ,,,
India,Uttar Pradesh , Sikandra Rao ,,,
India,Uttar Pradesh , Sikandrabad ,,,
India,Uttar Pradesh , Sitapur ,,,
India,Uttar Pradesh , Siyana ,,,
India,Uttar Pradesh , Sonbhadra ,,,
India,Uttar Pradesh , Soraon ,,,
India,Uttar Pradesh , Sultanpur ,,,
India,Uttar Pradesh , Tanda ,,,
India,Uttar Pradesh , Tarabganj ,,,
India,Uttar Pradesh , Tilhar ,,,
India,Uttar Pradesh , Unnao ,,,
India,Uttar Pradesh , Utraula ,,,
India,Uttar Pradesh , Varanasi ,,,
India,Uttar Pradesh , Zamania ,,,
India,Uttaranchal  , Almora ,,,
India,Uttaranchal  , Bageshwar ,,,
India,Uttaranchal  , Bhatwari ,,,
India,Uttaranchal  , Chakrata ,,,
India,Uttaranchal  , Chamoli ,,,
India,Uttaranchal  , Champawat ,,,
India,Uttaranchal  , Dehradun ,,,
India,Uttaranchal  , Deoprayag ,,,
India,Uttaranchal  , Dharchula ,,,
India,Uttaranchal  , Dunda ,,,
India,Uttaranchal  , Haldwani ,,,
India,Uttaranchal  , Haridwar ,,,
India,Uttaranchal  , Joshimath ,,,
India,Uttaranchal  , Karan Prayag ,,,
India,Uttaranchal  , Kashipur ,,,
India,Uttaranchal  , Khatima ,,,
India,Uttaranchal  , Kichha ,,,
India,Uttaranchal  , Lansdown ,,,
India,Uttaranchal  , Munsiari ,,,
India,Uttaranchal  , Mussoorie ,,,
India,Uttaranchal  , Nainital ,,,
India,Uttaranchal  , Pantnagar ,,,
India,Uttaranchal  , Partapnagar ,,,
India,Uttaranchal  , Pauri Garhwal ,,,
India,Uttaranchal  , Pithoragarh ,,,
India,Uttaranchal  , Purola ,,,
India,Uttaranchal  , Rajgarh ,,,
India,Uttaranchal  , Ranikhet ,,,
India,Uttaranchal  , Roorkee ,,,
India,Uttaranchal  , Rudraprayag ,,,
India,Uttaranchal  , Tehri Garhwal ,,,
India,Uttaranchal  , Udham Singh Nagar ,,,
India,Uttaranchal  , Ukhimath ,,,
India,Uttaranchal  , Uttarkashi ,,,
India,West Bengal , Adra ,,,
India,West Bengal , Alipurduar ,,,
India,West Bengal , Amlagora ,,,
India,West Bengal , Arambagh ,,,
India,West Bengal , Asansol ,,,
India,West Bengal , Balurghat ,,,
India,West Bengal , Bankura ,,,
India,West Bengal , Bardhaman ,,,
India,West Bengal , Basirhat ,,,
India,West Bengal , Berhampur ,,,
India,West Bengal , Bethuadahari ,,,
India,West Bengal , Birbhum ,,,
India,West Bengal , Birpara ,,,
India,West Bengal , Bishanpur ,,,
India,West Bengal , Bolpur ,,,
India,West Bengal , Bongoan ,,,
India,West Bengal , Bulbulchandi ,,,
India,West Bengal , Burdwan ,,,
India,West Bengal , Calcutta ,,,
India,West Bengal , Canning ,,,
India,West Bengal , Champadanga ,,,
India,West Bengal , Contai ,,,
India,West Bengal , Cooch Behar ,,,
India,West Bengal , Daimond Harbour ,,,
India,West Bengal , Dalkhola ,,,
India,West Bengal , Dantan ,,,
India,West Bengal , Darjeeling ,,,
India,West Bengal , Dhaniakhali ,,,
India,West Bengal , Dhuliyan ,,,
India,West Bengal , Dinajpur ,,,
India,West Bengal , Dinhata ,,,
India,West Bengal , Durgapur ,,,
India,West Bengal , Gangajalghati ,,,
India,West Bengal , Gangarampur ,,,
India,West Bengal , Ghatal ,,,
India,West Bengal , Guskara ,,,
India,West Bengal , Habra ,,,
India,West Bengal , Haldia ,,,
India,West Bengal , Harirampur ,,,
India,West Bengal , Harishchandrapur ,,,
India,West Bengal , Hooghly ,,,
India,West Bengal , Howrah ,,,
India,West Bengal , Islampur ,,,
India,West Bengal , Jagatballavpur ,,,
India,West Bengal , Jalpaiguri ,,,
India,West Bengal , Jhalda ,,,
India,West Bengal , Jhargram ,,,
India,West Bengal , Kakdwip ,,,
India,West Bengal , Kalchini ,,,
India,West Bengal , Kalimpong ,,,
India,West Bengal , Kalna ,,,
India,West Bengal , Kandi ,,,
India,West Bengal , Karimpur ,,,
India,West Bengal , Katwa ,,,
India,West Bengal , Kharagpur ,,,
India,West Bengal , Khatra ,,,
India,West Bengal , Krishnanagar ,,,
India,West Bengal , Mal Bazar ,,,
India,West Bengal , Malda ,,,
India,West Bengal , Manbazar ,,,
India,West Bengal , Mathabhanga ,,,
India,West Bengal , Medinipur ,,,
India,West Bengal , Mekhliganj ,,,
India,West Bengal , Mirzapur ,,,
India,West Bengal , Murshidabad ,,,
India,West Bengal , Nadia ,,,
India,West Bengal , Nagarakata ,,,
India,West Bengal , Nalhati ,,,
India,West Bengal , Nayagarh ,,,
India,West Bengal , Parganas ,,,
India,West Bengal , Purulia ,,,
India,West Bengal , Raiganj ,,,
India,West Bengal , Rampur Hat ,,,
India,West Bengal , Ranaghat ,,,
India,West Bengal , Seharabazar ,,,
India,West Bengal , Siliguri ,,,
India,West Bengal , Suri ,,,
India,West Bengal , Takipur ,,,
India,West Bengal , Tamluk  ,,,
